,words,0,1,2,3,4,5,6,7,8,9
0,aberr,1.216812988142226,1.4087556436095328,-0.34921608370590085,0.4169216749512944,-0.494207088456606,-0.4215423183324419,0.16316648187024532,0.09763892094927913,0.035072019868654616,0.09400872369182875
1,absolut,0.0,0.0,0.0,0.0,0.0,0.0,0.0,0.0,0.0,0.0
2,abt,0.0,0.0,0.0,0.0,0.0,0.0,0.0,0.0,0.0,0.0
3,acc,0.0,0.0,0.0,0.0,0.0,0.0,0.0,0.0,0.0,0.0
4,ach,0.0,0.0,0.0,0.0,0.0,0.0,0.0,0.0,0.0,0.0
5,acidif,0.0,0.0,0.0,0.0,0.0,0.0,0.0,0.0,0.0,0.0
6,activ,0.38680843829714295,-0.06833601986595982,0.8383786029431488,-0.5232647515145689,0.26589910874700634,-0.4118808720155162,-0.025426225641159185,0.025092214702649218,-0.7878643385324273,-1.0418528902945934
7,activist,0.0,0.0,0.0,0.0,0.0,0.0,0.0,0.0,0.0,0.0
8,actnow,0.7147500930833965,-0.5508196173532398,0.2101572085945237,-0.24665832497456705,-0.08409398951494568,0.4317897031770705,0.44557630101335144,-0.23277009282231223,-0.2842463115148545,-0.6119104419014364
9,actual,0.0,0.0,0.0,0.0,0.0,0.0,0.0,0.0,0.0,0.0
10,acweyand,0.0,0.0,0.0,0.0,0.0,0.0,0.0,0.0,0.0,0.0
11,adam,0.0,0.0,0.0,0.0,0.0,0.0,0.0,0.0,0.0,0.0
12,adapt,0.2249673694113865,0.08076631231440794,0.4613954700258124,-0.490848884119306,0.1532714067716932,-0.03194187326263373,-0.27270269140715125,-0.5716973183770966,-0.6355702181249662,0.2378010480554335
13,addit,0.0,0.0,0.0,0.0,0.0,0.0,0.0,0.0,0.0,0.0
14,admit,0.0,0.0,0.0,0.0,0.0,0.0,0.0,0.0,0.0,0.0
15,aesg,0.11867910116258948,-0.05782282515134382,-0.21145621913808915,0.38918297859458173,-0.11595363758462854,-0.2598399869862808,-0.2811658839460299,-0.01844684194433512,-0.21640876437059303,1.6460835350184968
16,affect,0.0,0.0,0.0,0.0,0.0,0.0,0.0,0.0,0.0,0.0
17,afford,0.0,0.0,0.0,0.0,0.0,0.0,0.0,0.0,0.0,0.0
18,african,0.0,0.0,0.0,0.0,0.0,0.0,0.0,0.0,0.0,0.0
19,agaton,0.0,0.0,0.0,0.0,0.0,0.0,0.0,0.0,0.0,0.0
20,age,0.0,0.0,0.0,0.0,0.0,0.0,0.0,0.0,0.0,0.0
21,ago,0.0,0.0,0.0,0.0,0.0,0.0,0.0,0.0,0.0,0.0
22,air,0.4924475567589643,-0.14442336516386048,1.0012081858611288,-1.1471485824841654,0.07039947713905538,-0.19612938897703733,0.2989157648949047,0.012488822208461436,0.15402865420598927,-0.7891930190193474
23,aircon,0.0,0.0,0.0,0.0,0.0,0.0,0.0,0.0,0.0,0.0
24,aleutian,-0.18995339888587462,0.036132580993556734,-0.1271997753141454,-0.059817630148018726,-0.5785970125073973,-0.2918492402966691,-0.16392697699370662,0.0034062182470926583,0.5830318777261319,-0.12141930587222817
25,aliv,0.05678096771043188,0.12635201705930113,0.46994133200072,0.36569164149150873,-1.124045289361131,-0.09681341049973707,-0.0675820898642204,-0.6377320046358086,-1.1053535964091719,0.07491390573964847
26,allow,0.0,0.0,0.0,0.0,0.0,0.0,0.0,0.0,0.0,0.0
27,almost,0.0,0.0,0.0,0.0,0.0,0.0,0.0,0.0,0.0,0.0
28,alreadi,0.0,0.0,0.0,0.0,0.0,0.0,0.0,0.0,0.0,0.0
29,also,-0.11983343518733136,-0.07284739554799216,0.20527975982055202,-0.18906208701343044,-0.04129358565512712,0.1688454406965131,0.5983995451834198,-0.07950938268379283,0.7336469622299583,-1.3340062800535561
30,alway,0.0,0.0,0.0,0.0,0.0,0.0,0.0,0.0,0.0,0.0
31,amaz,0.0,0.0,0.0,0.0,0.0,0.0,0.0,0.0,0.0,0.0
32,amount,0.0,0.0,0.0,0.0,0.0,0.0,0.0,0.0,0.0,0.0
33,amp,0.0,0.0,0.0,0.0,0.0,0.0,0.0,0.0,0.0,0.0
34,anger,1.5418437922712271,1.853372970424616,-0.6325855112964434,-0.000619120236629155,0.33023684476626747,-0.6090486171452568,0.9187723265470426,0.34703332953154337,-0.022173906852865556,-0.7888396537118152
35,anglia,0.0,0.0,0.0,0.0,0.0,0.0,0.0,0.0,0.0,0.0
36,anti,0.0,0.0,0.0,0.0,0.0,0.0,0.0,0.0,0.0,0.0
37,anxieti,0.08226277836251582,0.13936655746724655,0.45597851890664637,0.5431921880264076,-1.1767731579113518,0.045849045686323336,-0.08953512109863139,-0.667213254361407,-1.2064698178850124,-0.058401690463149164
38,anyth,0.0,0.0,0.0,0.0,0.0,0.0,0.0,0.0,0.0,0.0
39,app,0.0,0.0,0.0,0.0,0.0,0.0,0.0,0.0,0.0,0.0
40,appar,0.0,0.0,0.0,0.0,0.0,0.0,0.0,0.0,0.0,0.0
41,appreci,0.38680843829714295,-0.06833601986595982,0.8383786029431488,-0.5232647515145689,0.26589910874700634,-0.4118808720155162,-0.025426225641159185,0.025092214702649218,-0.7878643385324273,-1.0418528902945934
42,april,0.0,0.0,0.0,0.0,0.0,0.0,0.0,0.0,0.0,0.0
43,argument,0.0,0.0,0.0,0.0,0.0,0.0,0.0,0.0,0.0,0.0
44,around,0.0,0.0,0.0,0.0,0.0,0.0,0.0,0.0,0.0,0.0
45,arrest,0.38680843829714295,-0.06833601986595982,0.8383786029431488,-0.5232647515145689,0.26589910874700634,-0.4118808720155162,-0.025426225641159185,0.025092214702649218,-0.7878643385324273,-1.0418528902945934
46,aspect,0.0,0.0,0.0,0.0,0.0,0.0,0.0,0.0,0.0,0.0
47,ass,0.39242036428753724,-0.03467399137207497,1.0941167440008717,-0.6292305625219957,-0.02185506220010819,-0.44466835345619427,-0.02181467501820571,-0.18950387489308834,-0.4073995856468996,-1.1957116287130216
48,assess,0.0,0.0,0.0,0.0,0.0,0.0,0.0,0.0,0.0,0.0
49,atmospher,0.0,0.0,0.0,0.0,0.0,0.0,0.0,0.0,0.0,0.0
50,attitud,-0.042640680567833426,-0.023546909066829935,0.208552870293124,-0.34537714414100956,-0.17944277021905075,-0.07245712865563558,-0.06528156756453653,-0.3788668373052807,-0.2636552153524768,0.1518994524271207
51,averag,0.0,0.0,0.0,0.0,0.0,0.0,0.0,0.0,0.0,0.0
52,aw,0.0,0.0,0.0,0.0,0.0,0.0,0.0,0.0,0.0,0.0
53,awar,0.24340304672639734,-0.020436204672469854,0.8397436462660686,-0.6295652168550196,0.455224737369469,-0.4274608054193364,-0.2678173199109841,-0.012569388885095189,-0.6126397046855087,-0.9171100628101323
54,awesom,0.6526079259238078,-0.18293817013023508,1.7245386724710408,4.598956120833007,5.246203708144406,0.41130839447871165,0.836440292678243,-5.477011478900115,3.593791476492783,-3.701806812954778
55,back,0.4748558095658433,-0.08414850831046773,1.0295785279523382,0.25685498430464426,-1.2830741767345248,0.10845118441385893,-0.09219820696579198,-1.4799285830647322,0.29030046923792513,0.19107175107522012
56,bad,0.38680843829714295,-0.06833601986595982,0.8383786029431488,-0.5232647515145689,0.26589910874700634,-0.4118808720155162,-0.025426225641159185,0.025092214702649218,-0.7878643385324273,-1.0418528902945934
57,badli,0.0,0.0,0.0,0.0,0.0,0.0,0.0,0.0,0.0,0.0
58,bagyong,0.0,0.0,0.0,0.0,0.0,0.0,0.0,0.0,0.0,0.0
59,bake,0.0,0.0,0.0,0.0,0.0,0.0,0.0,0.0,0.0,0.0
60,ban,0.312128993110125,0.040563798399203564,1.5602992057974614,3.830400796641627,4.599279648294695,1.2211726014407396,-0.021738426359872345,-0.48128055850386986,-3.6617373223295733,3.5186937754788814
61,bandwagon,0.0,0.0,0.0,0.0,0.0,0.0,0.0,0.0,0.0,0.0
62,barefoot,0.0,0.0,0.0,0.0,0.0,0.0,0.0,0.0,0.0,0.0
63,barrettwilson,0.0,0.0,0.0,0.0,0.0,0.0,0.0,0.0,0.0,0.0
64,bath,0.03149720293893244,0.013915934374187875,0.155796218791443,-0.07666523648798011,-0.19872938379506017,0.022321855551848825,-0.16860465192563764,-0.35820764646823233,0.14545526573191453,0.2768554399114243
65,bcoz,0.0,0.0,0.0,0.0,0.0,0.0,0.0,0.0,0.0,0.0
66,bear,0.0,0.0,0.0,0.0,0.0,0.0,0.0,0.0,0.0,0.0
67,beauti,0.0,0.0,0.0,0.0,0.0,0.0,0.0,0.0,0.0,0.0
68,becom,0.0,0.0,0.0,0.0,0.0,0.0,0.0,0.0,0.0,0.0
69,begin,0.0,0.0,0.0,0.0,0.0,0.0,0.0,0.0,0.0,0.0
70,behind,0.0,0.0,0.0,0.0,0.0,0.0,0.0,0.0,0.0,0.0
71,believ,0.0,0.0,0.0,0.0,0.0,0.0,0.0,0.0,0.0,0.0
72,bennyjohnson,0.0,0.0,0.0,0.0,0.0,0.0,0.0,0.0,0.0,0.0
73,benshapiro,0.0,0.0,0.0,0.0,0.0,0.0,0.0,0.0,0.0,0.0
74,better,-0.1752127483196795,0.0306193600228689,-0.12172638929115061,-0.012083381133773129,-0.5519386678854823,-0.28144851310530083,-0.07782715003405449,-0.24298665184731463,0.3990030132735793,-0.16467153939848228
75,big,0.0,0.0,0.0,0.0,0.0,0.0,0.0,0.0,0.0,0.0
76,binrubrush,0.0,0.0,0.0,0.0,0.0,0.0,0.0,0.0,0.0,0.0
77,biosystem,0.42213462227326254,0.025064391833785515,1.1251802286742332,-1.2331999688941016,0.4555787464534369,-0.5435839850404937,-0.3469906576682542,-1.0809209658666072,-2.0434151083470122,0.018834819297429514
78,birth,0.0,0.0,0.0,0.0,0.0,0.0,0.0,0.0,0.0,0.0
79,bit,0.0,0.0,0.0,0.0,0.0,0.0,0.0,0.0,0.0,0.0
80,bitch,1.4979211339657303,-1.1287503120033886,0.7581627199964571,-1.361569701357849,-0.7280397382602287,3.0506037473964165,2.6426786185234046,-0.7950103299155918,-0.1950962437181114,-0.4465369423796796
81,blame,0.42213462227326254,0.025064391833785515,1.1251802286742332,-1.2331999688941016,0.4555787464534369,-0.5435839850404937,-0.3469906576682542,-1.0809209658666072,-2.0434151083470122,0.018834819297429514
82,blind,0.13348469322586162,0.22325728709491519,0.48950719472462567,0.11608961921504252,-0.08120551193400546,-0.5720284374567306,-0.16387949981389538,-0.17083265214466314,0.9761636609801808,1.555980930878368
83,block,0.0,0.0,0.0,0.0,0.0,0.0,0.0,0.0,0.0,0.0
84,boil,1.5418437922712271,1.853372970424616,-0.6325855112964434,-0.000619120236629155,0.33023684476626747,-0.6090486171452568,0.9187723265470426,0.34703332953154337,-0.022173906852865556,-0.7888396537118152
85,bolster,0.0,0.0,0.0,0.0,0.0,0.0,0.0,0.0,0.0,0.0
86,brand,0.0,0.0,0.0,0.0,0.0,0.0,0.0,0.0,0.0,0.0
87,break,1.216812988142226,1.4087556436095328,-0.34921608370590085,0.4169216749512944,-0.494207088456606,-0.4215423183324419,0.16316648187024532,0.09763892094927913,0.035072019868654616,0.09400872369182875
88,breezyscrol,0.0,0.0,0.0,0.0,0.0,0.0,0.0,0.0,0.0,0.0
89,broken,0.0,0.0,0.0,0.0,0.0,0.0,0.0,0.0,0.0,0.0
90,brought,0.20004179552276502,0.012328293238402815,0.4883658809628754,-0.13212031242957148,-0.19590641853896634,-0.2896984506007135,-0.03934828937578763,-0.4312968048528674,0.38963629377897124,0.34006976974997666
91,browser,0.0,0.0,0.0,0.0,0.0,0.0,0.0,0.0,0.0,0.0
92,btw,0.6468326863196662,0.6615086303622324,0.43327674571649866,-0.25842638149015995,0.949899376368747,3.127536289225874,-3.7093325512906685,1.1612723109317526,1.0258949063089058,-0.3912197409032289
93,build,0.0,0.0,0.0,0.0,0.0,0.0,0.0,0.0,0.0,0.0
94,bulk,0.0,0.0,0.0,0.0,0.0,0.0,0.0,0.0,0.0,0.0
95,burn,0.05678096771043188,0.12635201705930113,0.46994133200072,0.36569164149150873,-1.124045289361131,-0.09681341049973707,-0.0675820898642204,-0.6377320046358086,-1.1053535964091719,0.07491390573964847
96,busi,0.4026913891640941,-0.07857514005119806,2.4304639770524457,3.691738374210347,2.3221692861068517,0.258182195477404,1.8411230193576278,1.8020222391032275,-0.25481300269574136,0.8246306593770785
97,butt,0.4754367145802051,-0.05140942470430253,1.1773369596129637,-0.6085951641786858,0.31085642371304334,-0.6007640900943485,-0.005133516900618178,-0.02280145713643721,-0.7381460609195494,-0.9048674677423425
98,buy,0.17121413419400783,0.04961554720755728,0.49043615887617503,-0.3795725261193896,0.09275191621708469,-0.46201201966774413,0.08604150804038097,-0.15955710417974328,0.6617594914144357,0.6779835319781248
99,buzz,0.0,0.0,0.0,0.0,0.0,0.0,0.0,0.0,0.0,0.0
100,bypass,0.0,0.0,0.0,0.0,0.0,0.0,0.0,0.0,0.0,0.0
101,can,0.0,0.0,0.0,0.0,0.0,0.0,0.0,0.0,0.0,0.0
102,cancer,0.0,0.0,0.0,0.0,0.0,0.0,0.0,0.0,0.0,0.0
103,captain,0.0,0.0,0.0,0.0,0.0,0.0,0.0,0.0,0.0,0.0
104,carbon,0.16136478151359143,0.03981179421729373,0.42189581177050434,-0.2694180193453502,0.0693565919683956,-0.3891796215593725,0.007330015507540643,-0.13226816428580115,0.46076116702869097,0.4805968208113417
105,care,3.276800764471931,-3.2012214376132904,-1.4530982463958468,0.4923554576552247,-0.1696021448752744,-0.6011842687636454,-0.6608247549505912,0.1708561674136046,-0.06138842475625995,0.1474306308950087
106,case,0.0,0.0,0.0,0.0,0.0,0.0,0.0,0.0,0.0,0.0
107,catastroph,0.0,0.0,0.0,0.0,0.0,0.0,0.0,0.0,0.0,0.0
108,caus,0.7264952754260883,-0.104870871517192,2.797038199286851,0.12805625262930445,-0.9625411278329628,-0.2976162121602763,0.13087217797393877,4.252670399640942,-0.5340003534528295,-1.3591288759861473
109,causat,-0.0805692309358808,0.018132317785324203,-0.04005375749476031,0.04636082856575651,-0.052574366869889665,0.17025243511574562,0.12087505583291994,-0.19233646109100336,0.4146341257204769,0.2983347922704443
110,celebr,0.16136478151359143,0.03981179421729373,0.42189581177050434,-0.2694180193453502,0.0693565919683956,-0.3891796215593725,0.007330015507540643,-0.13226816428580115,0.46076116702869097,0.4805968208113417
111,censu,0.0,0.0,0.0,0.0,0.0,0.0,0.0,0.0,0.0,0.0
112,cent,0.38680843829714295,-0.06833601986595982,0.8383786029431488,-0.5232647515145689,0.26589910874700634,-0.4118808720155162,-0.025426225641159185,0.025092214702649218,-0.7878643385324273,-1.0418528902945934
113,chaf,0.0,0.0,0.0,0.0,0.0,0.0,0.0,0.0,0.0,0.0
114,chain,0.0,0.0,0.0,0.0,0.0,0.0,0.0,0.0,0.0,0.0
115,chang,1.616753656826046,-0.024863866793627544,4.0016466960280175,-4.53971867536184,1.560143046426787,-2.3295877035434445,-0.4381282459350465,-0.8160257875721453,2.403432419562109,-0.6166131917981202
116,check,0.6068843565850414,0.31093952596498986,0.6982592960737902,-0.5763493781340325,-0.013931664082558972,0.3701794192869873,-0.40505908194999934,-0.6785970255018468,0.2200921306055854,0.8820800629194021
117,cheer,0.0,0.0,0.0,0.0,0.0,0.0,0.0,0.0,0.0,0.0
118,cheonsaltan,0.0,0.0,0.0,0.0,0.0,0.0,0.0,0.0,0.0,0.0
119,children,0.4179814368770203,0.014091097345199869,1.761999840515524,2.355193619972919,-4.0511779902916025,0.43799447749742987,-2.296294463890315,-2.450548686698818,1.1712800604882392,0.08686978566344924
120,chose,0.07589882495986773,0.020941234177662343,0.15752447817061238,0.04975772490286105,0.38809517490770856,-0.25905959784551347,-0.12428538219698776,0.11227296628920251,-0.40803082488775516,-0.885076310244059
121,claim,0.0,0.0,0.0,0.0,0.0,0.0,0.0,0.0,0.0,0.0
122,clarkemicah,0.0,0.0,0.0,0.0,0.0,0.0,0.0,0.0,0.0,0.0
123,class,0.0,0.0,0.0,0.0,0.0,0.0,0.0,0.0,0.0,0.0
124,clearli,0.0,0.0,0.0,0.0,0.0,0.0,0.0,0.0,0.0,0.0
125,climat,1.7991216101469159,0.6224206718294947,3.4195877271278365,-3.1644417298048273,0.9792310205897464,-0.3130613231439804,-1.595208518452799,-1.757963320138504,-2.7800154861744524,1.1388978864449948
126,climateactionnow,3.276800764471931,-3.2012214376132904,-1.4530982463958468,0.4923554576552247,-0.1696021448752744,-0.6011842687636454,-0.6608247549505912,0.1708561674136046,-0.06138842475625995,0.1474306308950087
127,climatechang,1.3779046749090846,1.5703714145430945,-0.3294859323807236,-0.04258158528791458,0.018463322686254006,0.5959541824999475,-0.5840627620673676,-0.0991985763042029,-0.03584668527231789,0.14498423607329375
128,coast,0.0,0.0,0.0,0.0,0.0,0.0,0.0,0.0,0.0,0.0
129,coffe,0.0,0.0,0.0,0.0,0.0,0.0,0.0,0.0,0.0,0.0
130,collaps,0.0,0.0,0.0,0.0,0.0,0.0,0.0,0.0,0.0,0.0
131,colleg,0.0,0.0,0.0,0.0,0.0,0.0,0.0,0.0,0.0,0.0
132,combat,0.38680843829714295,-0.06833601986595982,0.8383786029431488,-0.5232647515145689,0.26589910874700634,-0.4118808720155162,-0.025426225641159185,0.025092214702649218,-0.7878643385324273,-1.0418528902945934
133,compani,0.07589882495986773,0.020941234177662343,0.15752447817061238,0.04975772490286105,0.38809517490770856,-0.25905959784551347,-0.12428538219698776,0.11227296628920251,-0.40803082488775516,-0.885076310244059
134,concern,0.0,0.0,0.0,0.0,0.0,0.0,0.0,0.0,0.0,0.0
135,condit,0.0,0.0,0.0,0.0,0.0,0.0,0.0,0.0,0.0,0.0
136,consequ,0.6209392711098193,-0.1357503905506638,1.6342494387640554,-1.3422035712522973,-0.24250493186734295,-0.12904169800212298,-0.010012174665824908,1.5383196129352028,0.018728747268940513,-1.3660043168099105
137,continu,0.0,0.0,0.0,0.0,0.0,0.0,0.0,0.0,0.0,0.0
138,contribut,0.0,0.0,0.0,0.0,0.0,0.0,0.0,0.0,0.0,0.0
139,control,0.0,0.0,0.0,0.0,0.0,0.0,0.0,0.0,0.0,0.0
140,cop,0.0,0.0,0.0,0.0,0.0,0.0,0.0,0.0,0.0,0.0
141,core,0.0,0.0,0.0,0.0,0.0,0.0,0.0,0.0,0.0,0.0
142,corybmorgan,0.0,0.0,0.0,0.0,0.0,0.0,0.0,0.0,0.0,0.0
143,cost,0.2249673694113865,0.08076631231440794,0.4613954700258124,-0.490848884119306,0.1532714067716932,-0.03194187326263373,-0.27270269140715125,-0.5716973183770966,-0.6355702181249662,0.2378010480554335
144,could,0.0,0.0,0.0,0.0,0.0,0.0,0.0,0.0,0.0,0.0
145,countri,0.0,0.0,0.0,0.0,0.0,0.0,0.0,0.0,0.0,0.0
146,cours,0.45933871393749437,-0.016813118563287988,1.3644744959007735,-1.6736292562838255,0.667214781352671,-0.741254673427225,-0.5035396516254328,-1.8320249960583999,-3.3852726329208105,0.009394808521279292
147,creation,0.0,0.0,0.0,0.0,0.0,0.0,0.0,0.0,0.0,0.0
148,creek,0.0,0.0,0.0,0.0,0.0,0.0,0.0,0.0,0.0,0.0
149,critic,0.0,0.0,0.0,0.0,0.0,0.0,0.0,0.0,0.0,0.0
150,crucial,0.016084019657186383,0.038500813803283414,0.11389859917090721,-0.32136954870397944,-0.343308303545965,0.000740231889935892,-0.1689524090958322,-0.2610426729861559,-0.12308967642712478,0.70623791285279
151,csiro,0.0,0.0,0.0,0.0,0.0,0.0,0.0,0.0,0.0,0.0
152,current,0.0,0.0,0.0,0.0,0.0,0.0,0.0,0.0,0.0,0.0
153,cuz,0.38680843829714295,-0.06833601986595982,0.8383786029431488,-0.5232647515145689,0.26589910874700634,-0.4118808720155162,-0.025426225641159185,0.025092214702649218,-0.7878643385324273,-1.0418528902945934
154,cycl,0.0,0.0,0.0,0.0,0.0,0.0,0.0,0.0,0.0,0.0
155,cyclic,0.0,0.0,0.0,0.0,0.0,0.0,0.0,0.0,0.0,0.0
156,cyclon,1.230322031661193,-0.010390330925228147,3.0176248190531885,-0.5039041729657445,-0.5508376405257762,0.40717888993197965,1.1529933353874007,5.462156014135717,0.6921552085377736,0.4225154909453954
157,daili,0.0,0.0,0.0,0.0,0.0,0.0,0.0,0.0,0.0,0.0
158,dam,0.0,0.0,0.0,0.0,0.0,0.0,0.0,0.0,0.0,0.0
159,david,0.0,0.0,0.0,0.0,0.0,0.0,0.0,0.0,0.0,0.0
160,day,0.3468850985914044,-0.10924841376227935,0.6974765899430871,0.42795937762269476,-1.2819059199919884,0.41460977791227355,-0.06684327017320424,-1.2732474528796363,-0.05527556616072995,-0.11999816640564485
161,deadli,0.0,0.0,0.0,0.0,0.0,0.0,0.0,0.0,0.0,0.0
162,deal,0.0,0.0,0.0,0.0,0.0,0.0,0.0,0.0,0.0,0.0
163,death,0.16888378801606885,-0.009299145844643492,0.35249522222990426,-0.20092874266206265,0.1158285672618867,-0.43059881170357567,-0.11427345687523953,-0.46216991749948055,-0.24854162667078883,0.4457590259985603
164,debt,-0.016370975209346595,0.050878499091320785,0.22966156073857896,0.00044082327733804567,0.019612992019175303,-0.07668625344846929,-0.17283068149024292,-0.45924325759628737,-0.16480068846042095,0.29600349523494784
165,decad,0.947808454883075,-0.2219734636015146,3.887595250297118,3.018654725694941,-0.4751384848938617,-0.43943587724096755,1.726829105355228,2.8929804373550114,-0.05598340662797818,-0.27256881374914765
166,decreas,0.0,0.0,0.0,0.0,0.0,0.0,0.0,0.0,0.0,0.0
167,defund,0.0,0.0,0.0,0.0,0.0,0.0,0.0,0.0,0.0,0.0
168,degre,0.15844437678404835,0.03894306697345571,0.421251109729009,-0.28317661727959603,0.07458795566124797,-0.3923362686781566,0.010748685043191188,-0.14207775727379998,0.46069511326976736,0.4867402274995797
169,delet,0.09643270785613925,0.03198368586883302,0.25688668615919574,-0.2258297389761413,0.035636187919246894,-0.24358834487842537,0.0879535478848565,-0.15656841589842052,0.38761472393250235,0.4888984066431649
170,demon,0.5083473088916519,0.007108473254720891,1.2550069531318784,-0.066722418259792,0.6760449395084933,-0.26961528560930026,-0.16077673083078664,-0.29312866710593033,-0.8142702244031634,-1.0160725277730416
171,denier,0.0,0.0,0.0,0.0,0.0,0.0,0.0,0.0,0.0,0.0
172,depress,0.0,0.0,0.0,0.0,0.0,0.0,0.0,0.0,0.0,0.0
173,destruct,0.05678096771043188,0.12635201705930113,0.46994133200072,0.36569164149150873,-1.124045289361131,-0.09681341049973707,-0.0675820898642204,-0.6377320046358086,-1.1053535964091719,0.07491390573964847
174,develop,0.2249673694113865,0.08076631231440794,0.4613954700258124,-0.490848884119306,0.1532714067716932,-0.03194187326263373,-0.27270269140715125,-0.5716973183770966,-0.6355702181249662,0.2378010480554335
175,die,0.21578433452610757,-0.06058591809897222,1.0028165767860489,-0.7839473791369855,-0.012627270741999125,-0.49194049139572593,-0.05829929332297208,-0.482742518563681,-0.7687836932785609,-0.42195367123586414
176,differ,1.294474879134016,1.5919694427308086,-0.7474811161245165,0.26056223806483986,-0.1284744278579226,-0.20482078065320924,0.46553254744715467,-0.061016088590237993,-0.17026485595630542,0.02275010294018908
177,dioxid,0.0,0.0,0.0,0.0,0.0,0.0,0.0,0.0,0.0,0.0
178,disast,0.2134189408721088,0.024522153588192902,0.5531884060515156,0.0020762536550516307,-0.10295393305590486,0.027851977468977034,0.2449276472062743,1.383971601271742,0.295939257646392,0.15093053032664205
179,discuss,0.0,0.0,0.0,0.0,0.0,0.0,0.0,0.0,0.0,0.0
180,diseas,0.3892685258629507,-0.03442110550571816,1.0456382388947258,-0.5087441022942047,0.26332485974193454,-0.5470158235263465,-0.024747056041138093,0.02383167785507673,-0.6985073844177736,-0.8338854093829909
181,disrupt,0.0,0.0,0.0,0.0,0.0,0.0,0.0,0.0,0.0,0.0
182,disturb,0.0,0.0,0.0,0.0,0.0,0.0,0.0,0.0,0.0,0.0
183,do,0.0,0.0,0.0,0.0,0.0,0.0,0.0,0.0,0.0,0.0
184,doctor,0.0,0.0,0.0,0.0,0.0,0.0,0.0,0.0,0.0,0.0
185,document,0.0,0.0,0.0,0.0,0.0,0.0,0.0,0.0,0.0,0.0
186,donat,0.0,0.0,0.0,0.0,0.0,0.0,0.0,0.0,0.0,0.0
187,dont,0.0,0.0,0.0,0.0,0.0,0.0,0.0,0.0,0.0,0.0
188,doubl,0.8929708960623458,-0.4536811343418965,1.09628680396473,0.4299011857255929,0.6649536084041322,-0.6051031384470003,0.18226626344595473,0.12358961277775166,0.005579058050149993,-1.058963417880014
189,doubt,0.09444775825798334,-0.019521828397523214,-0.057051015505836876,-0.18497846101574716,0.2581869549636652,0.15690073348044203,-0.18590754083758054,0.5654530504916224,-0.33934239842856045,-1.0976966624444648
190,download,0.0,0.0,0.0,0.0,0.0,0.0,0.0,0.0,0.0,0.0
191,drive,0.0,0.0,0.0,0.0,0.0,0.0,0.0,0.0,0.0,0.0
192,driver,0.0,0.0,0.0,0.0,0.0,0.0,0.0,0.0,0.0,0.0
193,drop,0.0,0.0,0.0,0.0,0.0,0.0,0.0,0.0,0.0,0.0
194,due,0.3625110036973862,-0.05306554716260753,0.7680884322013479,-0.48938755126168226,0.21460983622863627,-0.45152963894459885,-0.08981332150211324,-0.15754480864159523,-0.811367674598829,-0.7391804342772729
195,earli,0.0012438774913185483,-0.07604909249745836,-0.048989487486208495,-0.1415493779384802,0.10506422988849645,-0.1195746902169135,-0.14591684845157885,0.2971338919178201,0.24874570600081627,0.18026377795526446
196,earth,3.5669429402525132,3.2197653185444386,1.546639165204445,-1.2261972933048053,1.0546485435162267,4.595976558016031,-5.440304456608763,0.045067831516378,0.369263676181283,0.4621130665018611
197,east,0.0,0.0,0.0,0.0,0.0,0.0,0.0,0.0,0.0,0.0
198,eat,-0.02181498728142277,-0.07468739026338661,0.13990278987264093,0.2479364491952669,0.3144558673376138,-0.1010985997921626,0.06053675940147227,-0.17610879094846343,0.1768766180291655,0.3596770069556419
199,ecolog,0.0394723600396463,-0.008092385632250553,-0.03331171103512732,0.23607374717460317,-0.10946970456787325,-0.07608567242467056,-0.059092927119752954,0.1937651108615389,-0.04661745466552283,0.06125491381134778
200,ecosia,0.0,0.0,0.0,0.0,0.0,0.0,0.0,0.0,0.0,0.0
201,educ,3.276800764471931,-3.2012214376132904,-1.4530982463958468,0.4923554576552247,-0.1696021448752744,-0.6011842687636454,-0.6608247549505912,0.1708561674136046,-0.06138842475625995,0.1474306308950087
202,educt,0.0,0.0,0.0,0.0,0.0,0.0,0.0,0.0,0.0,0.0
203,effect,0.0,0.0,0.0,0.0,0.0,0.0,0.0,0.0,0.0,0.0
204,effort,0.38680843829714295,-0.06833601986595982,0.8383786029431488,-0.5232647515145689,0.26589910874700634,-0.4118808720155162,-0.025426225641159185,0.025092214702649218,-0.7878643385324273,-1.0418528902945934
205,eldest,0.0,0.0,0.0,0.0,0.0,0.0,0.0,0.0,0.0,0.0
206,elect,0.0,0.0,0.0,0.0,0.0,0.0,0.0,0.0,0.0,0.0
207,electr,0.03149720293893244,0.013915934374187875,0.155796218791443,-0.07666523648798011,-0.19872938379506017,0.022321855551848825,-0.16860465192563764,-0.35820764646823233,0.14545526573191453,0.2768554399114243
208,email,0.09643270785613925,0.03198368586883302,0.25688668615919574,-0.2258297389761413,0.035636187919246894,-0.24358834487842537,0.0879535478848565,-0.15656841589842052,0.38761472393250235,0.4888984066431649
209,embarrass,0.0,0.0,0.0,0.0,0.0,0.0,0.0,0.0,0.0,0.0
210,emiss,0.38804176989892436,-0.032779095493432844,1.048341965163202,-0.5110672998415238,0.2596650827553383,-0.545617713571931,-0.010046173294306385,0.013830488007699444,-0.6777994017418174,-0.8218636259497929
211,end,0.0,0.0,0.0,0.0,0.0,0.0,0.0,0.0,0.0,0.0
212,endless,0.0,0.0,0.0,0.0,0.0,0.0,0.0,0.0,0.0,0.0
213,energi,0.10408432810357827,0.029594839611565598,0.2561382379750226,0.25043674034656155,0.030502962599027034,0.08748565193494845,-0.010066609088693466,0.2087870743938228,0.001016159921779862,-0.11805946131007512
214,enough,0.0,0.0,0.0,0.0,0.0,0.0,0.0,0.0,0.0,0.0
215,environ,0.2512173422732644,-0.11667586303940305,0.765686645052706,0.43101966643049217,-0.3775640010152799,0.2859294880958042,0.6146494845314707,0.10099662366860127,-0.25088232602270594,0.04390749835828903
216,epidem,0.0,0.0,0.0,0.0,0.0,0.0,0.0,0.0,0.0,0.0
217,especi,0.0,0.0,0.0,0.0,0.0,0.0,0.0,0.0,0.0,0.0
218,etc,0.34628578448769914,0.08400773763216533,1.6442546607079422,1.9593852717143108,-2.9180666430553694,-0.22763703600932075,-0.3182388185031514,-0.5306897599138877,-1.286248531166697,0.276569510148328
219,europ,0.0,0.0,0.0,0.0,0.0,0.0,0.0,0.0,0.0,0.0
220,even,0.23194044363080224,-0.0028327145351644684,0.2665539009155802,-0.047524480540116765,0.04781327207706395,-0.5285563636919306,-0.08296167724391547,-0.13412571889090066,0.3195011199977459,1.4339125041107006
221,event,0.0,0.0,0.0,0.0,0.0,0.0,0.0,0.0,0.0,0.0
222,ever,0.0,0.0,0.0,0.0,0.0,0.0,0.0,0.0,0.0,0.0
223,everi,0.38680843829714295,-0.06833601986595982,0.8383786029431488,-0.5232647515145689,0.26589910874700634,-0.4118808720155162,-0.025426225641159185,0.025092214702649218,-0.7878643385324273,-1.0418528902945934
224,everyday,0.0,0.0,0.0,0.0,0.0,0.0,0.0,0.0,0.0,0.0
225,everyon,1.7925656349484447,1.9662598382604275,-0.2730064625383667,-0.3441612245126089,0.7126435487053738,-0.9582497971579496,1.1708547979439483,0.5727686706968768,-0.4094180183192153,-1.8688228770061157
226,evid,-0.0805692309358808,0.018132317785324203,-0.04005375749476031,0.04636082856575651,-0.052574366869889665,0.17025243511574562,0.12087505583291994,-0.19233646109100336,0.4146341257204769,0.2983347922704443
227,exactli,0.0,0.0,0.0,0.0,0.0,0.0,0.0,0.0,0.0,0.0
228,excit,0.0,0.0,0.0,0.0,0.0,0.0,0.0,0.0,0.0,0.0
229,existenti,0.0,0.0,0.0,0.0,0.0,0.0,0.0,0.0,0.0,0.0
230,experi,0.42213462227326254,0.025064391833785515,1.1251802286742332,-1.2331999688941016,0.4555787464534369,-0.5435839850404937,-0.3469906576682542,-1.0809209658666072,-2.0434151083470122,0.018834819297429514
231,experienc,0.0,0.0,0.0,0.0,0.0,0.0,0.0,0.0,0.0,0.0
232,explain,0.11115840285265043,0.015770232984036434,0.3498718455017369,-0.29478102926802285,0.1589685273552779,-0.35656482749877877,-0.005431890269974461,-0.25931774329480756,0.6426895828841173,0.7728563025414008
233,explan,0.2368320836916987,-0.1078600309078631,0.2834104325823337,-0.2220374613909533,0.027130557261454274,0.23816054934195083,0.23991594825018203,-0.12775745047311268,-0.18013294127035934,-0.424545525639474
234,extent,0.0,0.0,0.0,0.0,0.0,0.0,0.0,0.0,0.0,0.0
235,extinct,0.0,0.0,0.0,0.0,0.0,0.0,0.0,0.0,0.0,0.0
236,extremist,0.0,0.0,0.0,0.0,0.0,0.0,0.0,0.0,0.0,0.0
237,face,0.0,0.0,0.0,0.0,0.0,0.0,0.0,0.0,0.0,0.0
238,fact,0.0,0.0,0.0,0.0,0.0,0.0,0.0,0.0,0.0,0.0
239,factori,0.0,0.0,0.0,0.0,0.0,0.0,0.0,0.0,0.0,0.0
240,fail,0.0,0.0,0.0,0.0,0.0,0.0,0.0,0.0,0.0,0.0
241,fan,0.0,0.0,0.0,0.0,0.0,0.0,0.0,0.0,0.0,0.0
242,fear,0.08043043953307011,-0.012058762909982736,0.12541165207432456,-0.02256534273699018,0.07596626814080526,-0.2990216218417012,-0.0706957519492587,-0.3145910932290117,0.009136118591682311,0.7145159057164647
243,feel,0.0,0.0,0.0,0.0,0.0,0.0,0.0,0.0,0.0,0.0
244,feet,0.0,0.0,0.0,0.0,0.0,0.0,0.0,0.0,0.0,0.0
245,fell,0.0,0.0,0.0,0.0,0.0,0.0,0.0,0.0,0.0,0.0
246,fellow,0.0,0.0,0.0,0.0,0.0,0.0,0.0,0.0,0.0,0.0
247,fight,0.38680843829714295,-0.06833601986595982,0.8383786029431488,-0.5232647515145689,0.26589910874700634,-0.4118808720155162,-0.025426225641159185,0.025092214702649218,-0.7878643385324273,-1.0418528902945934
248,financialtim,0.0,0.0,0.0,0.0,0.0,0.0,0.0,0.0,0.0,0.0
249,first,0.0,0.0,0.0,0.0,0.0,0.0,0.0,0.0,0.0,0.0
250,fix,1.4941782940398414,-0.9242357784172291,1.3176980663695466,-1.6836433276406546,-0.42471635986285655,1.528969196207465,1.7143885206848493,-0.349539852444943,0.08551494037527284,-0.8339175978716011
251,flood,0.0,0.0,0.0,0.0,0.0,0.0,0.0,0.0,0.0,0.0
252,folk,0.0,0.0,0.0,0.0,0.0,0.0,0.0,0.0,0.0,0.0
253,forc,0.0,0.0,0.0,0.0,0.0,0.0,0.0,0.0,0.0,0.0
254,forev,0.0,0.0,0.0,0.0,0.0,0.0,0.0,0.0,0.0,0.0
255,forgiv,0.499453906094657,0.48383361444728534,0.2617224444401848,-0.19738193269915522,0.10446610364503775,1.0585867694693047,-1.1895484174872977,-0.17825418360697845,0.07262223678620022,0.10589245713711598
256,forgotten,0.0,0.0,0.0,0.0,0.0,0.0,0.0,0.0,0.0,0.0
257,fossil,0.11587536657679628,-0.007827166572702656,0.23084860498031462,-0.1555920233453126,0.039818646716240774,-0.19885183984604826,-0.08361586533509399,-0.20102448269862166,-0.3200904895520367,-0.0388720698555823
258,found,0.022454252696654516,0.0044094398544207575,0.1391071275624446,-0.2455722300993397,-0.46993591031259047,0.13030213498961388,-0.04785918376843601,-0.3716016905898004,0.444301862050143,-0.5969034500103435
259,friend,0.0,0.0,0.0,0.0,0.0,0.0,0.0,0.0,0.0,0.0
260,fuck,0.0,0.0,0.0,0.0,0.0,0.0,0.0,0.0,0.0,0.0
261,fuel,0.20369617327755699,0.11036200179513286,0.6467765238426867,-0.22112966272846368,-0.13965691816283154,-0.46105033087258757,0.30265682688355766,-0.31587062322627124,1.2022674182907913,1.2075149555218687
262,full,0.0,0.0,0.0,0.0,0.0,0.0,0.0,0.0,0.0,0.0
263,fulli,0.0,0.0,0.0,0.0,0.0,0.0,0.0,0.0,0.0,0.0
264,funni,0.0,0.0,0.0,0.0,0.0,0.0,0.0,0.0,0.0,0.0
265,futur,0.12382814868290865,-0.026002947877783792,0.5855698236677479,-0.7177439783960692,-1.0375326830885394,0.20162561047094285,0.051795526777466606,-0.9407906069484212,0.8864774609290271,-2.0305753302429244
266,ga,-0.1752127483196795,0.0306193600228689,-0.12172638929115061,-0.012083381133773129,-0.5519386678854823,-0.28144851310530083,-0.07782715003405449,-0.24298665184731463,0.3990030132735793,-0.16467153939848228
267,game,0.0394723600396463,-0.008092385632250553,-0.03331171103512732,0.23607374717460317,-0.10946970456787325,-0.07608567242467056,-0.059092927119752954,0.1937651108615389,-0.04661745466552283,0.06125491381134778
268,garbag,0.0,0.0,0.0,0.0,0.0,0.0,0.0,0.0,0.0,0.0
269,gase,0.0,0.0,0.0,0.0,0.0,0.0,0.0,0.0,0.0,0.0
270,gasolin,0.0,0.0,0.0,0.0,0.0,0.0,0.0,0.0,0.0,0.0
271,gener,0.022454252696654516,0.0044094398544207575,0.1391071275624446,-0.2455722300993397,-0.46993591031259047,0.13030213498961388,-0.04785918376843601,-0.3716016905898004,0.444301862050143,-0.5969034500103435
272,get,0.3155181451859016,0.3898694164844878,1.7832025069572057,1.9149056364983932,-4.344081813783971,-0.07878877499446618,-0.5130532921508568,-2.5452919975726447,-3.461742794116269,-0.01259931980366568
273,give,0.0,0.0,0.0,0.0,0.0,0.0,0.0,0.0,0.0,0.0
274,given,0.0,0.0,0.0,0.0,0.0,0.0,0.0,0.0,0.0,0.0
275,global,1.4338687823826253,0.2065226504747415,3.533070696057905,-1.7952685240622368,0.4722480356865975,-2.4323199582982546,0.07316749686099408,-0.4611194789539512,1.68120571788743,1.6744953144566934
276,globalwarm,4.166252395743851,-3.7956316281856144,-0.7762621480419921,-0.43333061702325343,-0.8027924700484427,1.5442553796751226,1.2244907291083924,-0.32958939655367714,-0.14019353294600717,-0.1186617128757434
277,gmail,0.25881331303402927,-0.011159146061412687,0.586471676853914,-0.40988204949844564,0.19650128951665963,-0.29529162198054215,-0.0870247703437994,0.10810710839958684,-0.7835313799874069,-0.6148400990432145
278,go,0.6283624959214564,0.0041908005620966285,2.087456786971001,2.2872395631413136,-4.61813129130014,0.5422804445354705,-1.3882825102533,-3.158438232646393,-0.45528103741196213,-0.07784237229050568
279,god,0.0,0.0,0.0,0.0,0.0,0.0,0.0,0.0,0.0,0.0
280,goe,0.5337858977310072,0.4227419908246868,0.4368779385856135,-0.5332829627563261,-0.04262712103085786,1.0980331576067421,-1.5768518448069468,0.4393401896231535,-0.018939363005673757,-0.06854486728362386
281,golf,0.2116216427492062,-0.009529036079489878,1.0155039057585022,1.2041547427102695,-1.271814862009243,-0.2680011080796624,0.01692811440553914,0.5751331020423265,-0.3982132690448717,0.3168298236777338
282,gon,0.19421069049496498,0.09357754386826377,0.3185826189722562,-0.2792378364181761,-0.12821347150013057,-0.4611833728699734,0.06156484363835669,0.035962735487480746,0.5823053981985282,0.6865125706937778
283,good,0.6230046046729055,-0.6443495864448283,-0.1453578301066795,-0.28926631413738463,0.4310176112088413,-0.4698198717769787,-0.4566037702974156,-0.04035469387128354,0.1505391625609067,0.5771165770798137
284,got,0.38680843829714295,-0.06833601986595982,0.8383786029431488,-0.5232647515145689,0.26589910874700634,-0.4118808720155162,-0.025426225641159185,0.025092214702649218,-0.7878643385324273,-1.0418528902945934
285,govern,0.3278023557273586,-0.028088091536924726,0.7044265644606449,-0.3110976883971705,0.5169923566841358,-0.5038035424126048,-0.12512362816638,0.11446798753838416,-0.8877197055169086,-1.4738764310403059
286,government,0.0,0.0,0.0,0.0,0.0,0.0,0.0,0.0,0.0,0.0
287,govt,0.0,0.0,0.0,0.0,0.0,0.0,0.0,0.0,0.0,0.0
288,grade,0.0,0.0,0.0,0.0,0.0,0.0,0.0,0.0,0.0,0.0
289,great,1.117549614770079,-0.5857176953133705,2.359174147050604,4.376115766271101,2.939124675216678,-0.11236719425104456,1.700793648278706,-0.2941062968269982,2.3355753501764465,-1.8172728605645416
290,greed,0.07965038449010384,-0.002920373960348557,0.1773951995866878,-0.07680624128617787,0.094791378462947,-0.30091549577465715,-0.04861770630848535,-0.33554462627394543,0.03426084390465077,0.5593769214525869
291,greenhous,0.0,0.0,0.0,0.0,0.0,0.0,0.0,0.0,0.0,0.0
292,ground,0.0,0.0,0.0,0.0,0.0,0.0,0.0,0.0,0.0,0.0
293,group,0.0,0.0,0.0,0.0,0.0,0.0,0.0,0.0,0.0,0.0
294,guess,0.15996350286010974,0.03712449665249237,0.4209742882240553,-0.2769968727211053,0.07579453293781889,-0.3921171751668999,0.00785422270662807,-0.13708352735747148,0.45284422507726313,0.4729687049421109
295,guntvis,0.0,0.0,0.0,0.0,0.0,0.0,0.0,0.0,0.0,0.0
296,gut,0.0,0.0,0.0,0.0,0.0,0.0,0.0,0.0,0.0,0.0
297,guy,0.0,0.0,0.0,0.0,0.0,0.0,0.0,0.0,0.0,0.0
298,habatl,-0.18995339888587462,0.036132580993556734,-0.1271997753141454,-0.059817630148018726,-0.5785970125073973,-0.2918492402966691,-0.16392697699370662,0.0034062182470926583,0.5830318777261319,-0.12141930587222817
299,half,0.0394723600396463,-0.008092385632250553,-0.03331171103512732,0.23607374717460317,-0.10946970456787325,-0.07608567242467056,-0.059092927119752954,0.1937651108615389,-0.04661745466552283,0.06125491381134778
300,hanbin,-0.12494541235926203,0.01387457874601856,0.06375066747922216,-0.1380549500117564,0.2543237727213149,0.22649599664556208,-0.16425087993060414,0.10741139270700543,0.2890111013470503,0.01432712178804434
301,hanzi,0.0,0.0,0.0,0.0,0.0,0.0,0.0,0.0,0.0,0.0
302,happen,0.0,0.0,0.0,0.0,0.0,0.0,0.0,0.0,0.0,0.0
303,hashtag,0.0,0.0,0.0,0.0,0.0,0.0,0.0,0.0,0.0,0.0
304,haunt,0.0,0.0,0.0,0.0,0.0,0.0,0.0,0.0,0.0,0.0
305,havent,0.0,0.0,0.0,0.0,0.0,0.0,0.0,0.0,0.0,0.0
306,hbd,-0.12494541235926203,0.01387457874601856,0.06375066747922216,-0.1380549500117564,0.2543237727213149,0.22649599664556208,-0.16425087993060414,0.10741139270700543,0.2890111013470503,0.01432712178804434
307,heal,0.5337858977310072,0.4227419908246868,0.4368779385856135,-0.5332829627563261,-0.04262712103085786,1.0980331576067421,-1.5768518448069468,0.4393401896231535,-0.018939363005673757,-0.06854486728362386
308,hear,0.0,0.0,0.0,0.0,0.0,0.0,0.0,0.0,0.0,0.0
309,heard,0.0,0.0,0.0,0.0,0.0,0.0,0.0,0.0,0.0,0.0
310,heart,0.0,0.0,0.0,0.0,0.0,0.0,0.0,0.0,0.0,0.0
311,heat,0.0,0.0,0.0,0.0,0.0,0.0,0.0,0.0,0.0,0.0
312,heavi,0.0,0.0,0.0,0.0,0.0,0.0,0.0,0.0,0.0,0.0
313,help,1.8958491727930495,-0.7556892524224137,1.9067242027845912,-1.3883977459188404,0.17718204442948113,1.37230042992874,0.969232346409886,-0.45880985282312464,-0.9217036132429022,-1.8831147149228284
314,heret,0.0,0.0,0.0,0.0,0.0,0.0,0.0,0.0,0.0,0.0
315,hey,0.0,0.0,0.0,0.0,0.0,0.0,0.0,0.0,0.0,0.0
316,higher,0.10216544440666502,0.15738406605865976,0.6171197439140195,0.6386820898651816,-1.5087136486510881,-0.061834615225725725,-0.15607188017207055,-0.9648470907823538,-1.3054974323486024,-0.03533631161560255
317,hippi,0.0,0.0,0.0,0.0,0.0,0.0,0.0,0.0,0.0,0.0
318,histori,0.0,0.0,0.0,0.0,0.0,0.0,0.0,0.0,0.0,0.0
319,hoax,0.16109370216689317,0.040490017887778465,0.4220596624236146,-0.2735295877950864,0.07440534173111983,-0.3887380399186933,7.728002831490511e-05,-0.12312481846179937,0.4530567748019968,0.4825367375559849
320,hope,0.24835014714301773,0.006168703630680141,0.6275820302611771,-0.8280670431577448,0.42969393005978584,-0.41402598533962615,-0.37882459470092755,-0.0023314839998550625,0.5551277665208973,-0.18274885649412181
321,horribl,0.0,0.0,0.0,0.0,0.0,0.0,0.0,0.0,0.0,0.0
322,hot,0.0,0.0,0.0,0.0,0.0,0.0,0.0,0.0,0.0,0.0
323,hour,0.10046482576060732,-0.026946036154965998,0.24540008768552277,-0.04385289887334981,0.21601141504273677,-0.5349614909532413,-0.05475836299054977,-0.6288554006754254,-0.010861222982656916,0.9919455530786764
324,human,0.0,0.0,0.0,0.0,0.0,0.0,0.0,0.0,0.0,0.0
325,hunter,0.2116216427492062,-0.009529036079489878,1.0155039057585022,1.2041547427102695,-1.271814862009243,-0.2680011080796624,0.01692811440553914,0.5751331020423265,-0.3982132690448717,0.3168298236777338
326,huterbix,0.0,0.0,0.0,0.0,0.0,0.0,0.0,0.0,0.0,0.0
327,hydro,0.0037106143717282746,-0.05209820153091697,0.02044352491679835,0.061000747969044436,0.12960163224239843,0.0927720514479255,-0.45765887206175127,0.1323775011819437,0.10870081436123769,0.17891906450875253
328,ice,0.0,0.0,0.0,0.0,0.0,0.0,0.0,0.0,0.0,0.0
329,icealbedofeedback,0.0,0.0,0.0,0.0,0.0,0.0,0.0,0.0,0.0,0.0
330,id,0.0,0.0,0.0,0.0,0.0,0.0,0.0,0.0,0.0,0.0
331,idc,0.0,0.0,0.0,0.0,0.0,0.0,0.0,0.0,0.0,0.0
332,ignor,0.0,0.0,0.0,0.0,0.0,0.0,0.0,0.0,0.0,0.0
333,imma,0.0,0.0,0.0,0.0,0.0,0.0,0.0,0.0,0.0,0.0
334,immedi,0.0,0.0,0.0,0.0,0.0,0.0,0.0,0.0,0.0,0.0
335,impact,0.0,0.0,0.0,0.0,0.0,0.0,0.0,0.0,0.0,0.0
336,implement,0.0,0.0,0.0,0.0,0.0,0.0,0.0,0.0,0.0,0.0
337,import,0.0,0.0,0.0,0.0,0.0,0.0,0.0,0.0,0.0,0.0
338,increas,0.8250056645355033,-0.046822497759613814,3.330504311003157,2.7590216777118988,0.46938108135109513,-0.35272076108373773,1.7085884533376472,3.618928098141671,1.0887788258625355,0.11868530386000799
339,indian,0.0,0.0,0.0,0.0,0.0,0.0,0.0,0.0,0.0,0.0
340,indic,0.0,0.0,0.0,0.0,0.0,0.0,0.0,0.0,0.0,0.0
341,indirect,-0.0805692309358808,0.018132317785324203,-0.04005375749476031,0.04636082856575651,-0.052574366869889665,0.17025243511574562,0.12087505583291994,-0.19233646109100336,0.4146341257204769,0.2983347922704443
342,infer,0.0,0.0,0.0,0.0,0.0,0.0,0.0,0.0,0.0,0.0
343,infohanbin,0.0,0.0,0.0,0.0,0.0,0.0,0.0,0.0,0.0,0.0
344,inform,0.0,0.0,0.0,0.0,0.0,0.0,0.0,0.0,0.0,0.0
345,invest,0.0,0.0,0.0,0.0,0.0,0.0,0.0,0.0,0.0,0.0
346,investor,0.0,0.0,0.0,0.0,0.0,0.0,0.0,0.0,0.0,0.0
347,involv,0.0,0.0,0.0,0.0,0.0,0.0,0.0,0.0,0.0,0.0
348,ipcc,1.726663515063676,1.6000875391102394,0.5171876839175819,-0.7184942420424427,0.06208534491355049,0.7208638241206047,-0.8554355550193893,-0.836803981850017,0.4147426512871816,1.3257535307354087
349,irishtimesworld,0.8778220226739448,-0.8277445282692574,0.28112404856237844,-0.6337404573065484,0.7460259431044763,-0.7096696492479442,-0.15083835498181872,-0.08630866205143933,-0.6679294647983207,-0.98040237979096
350,isnt,0.0,0.0,0.0,0.0,0.0,0.0,0.0,0.0,0.0,0.0
351,issu,0.6230046046729055,-0.6443495864448283,-0.1453578301066795,-0.28926631413738463,0.4310176112088413,-0.4698198717769787,-0.4566037702974156,-0.04035469387128354,0.1505391625609067,0.5771165770798137
352,it,0.0,0.0,0.0,0.0,0.0,0.0,0.0,0.0,0.0,0.0
353,jet,0.0,0.0,0.0,0.0,0.0,0.0,0.0,0.0,0.0,0.0
354,jimcramptonwpg,0.38680843829714295,-0.06833601986595982,0.8383786029431488,-0.5232647515145689,0.26589910874700634,-0.4118808720155162,-0.025426225641159185,0.025092214702649218,-0.7878643385324273,-1.0418528902945934
355,joe,0.0,0.0,0.0,0.0,0.0,0.0,0.0,0.0,0.0,0.0
356,join,0.0,0.0,0.0,0.0,0.0,0.0,0.0,0.0,0.0,0.0
357,joshwekwajaja,0.0,0.0,0.0,0.0,0.0,0.0,0.0,0.0,0.0,0.0
358,khb,0.0,0.0,0.0,0.0,0.0,0.0,0.0,0.0,0.0,0.0
359,kind,0.0,0.0,0.0,0.0,0.0,0.0,0.0,0.0,0.0,0.0
360,king,0.9358316693017029,0.29021604875382856,1.6651634762572556,1.9029757220589432,2.5440246273845006,1.3402025519184626,-0.7484382320695857,-1.4527267529060124,-0.8205560023286207,-0.8147012175599883
361,know,0.7025950898291581,0.13948063518397738,2.4813674917298556,3.174583356610709,-4.879979450945633,0.1866467324034466,-2.4337797608937657,-2.005941904094562,1.2991943115198845,0.2909246944311457
362,landscap,0.0,0.0,0.0,0.0,0.0,0.0,0.0,0.0,0.0,0.0
363,lang,0.08226277836251582,0.13936655746724655,0.45597851890664637,0.5431921880264076,-1.1767731579113518,0.045849045686323336,-0.08953512109863139,-0.667213254361407,-1.2064698178850124,-0.058401690463149164
364,larg,0.0,0.0,0.0,0.0,0.0,0.0,0.0,0.0,0.0,0.0
365,largest,0.0,0.0,0.0,0.0,0.0,0.0,0.0,0.0,0.0,0.0
366,last,0.6243918568605727,-0.07074483123176467,2.724105213430928,2.851950032961467,0.5573181986225559,-0.2942353802905718,1.5180137571188008,2.3485028549401945,0.7543651826633844,-0.0016927320667130957
367,late,0.1677464490567865,0.027435006218861867,0.37144937964098845,-0.2126827062005816,0.05962760927543,-0.39841354896478176,-0.021674099779533027,-0.1286115719419426,0.3933315670197444,0.6741486812526906
368,leav,0.0,0.0,0.0,0.0,0.0,0.0,0.0,0.0,0.0,0.0
369,left,1.294474879134016,1.5919694427308086,-0.7474811161245165,0.26056223806483986,-0.1284744278579226,-0.20482078065320924,0.46553254744715467,-0.061016088590237993,-0.17026485595630542,0.02275010294018908
370,leg,0.5872802252131566,-0.14746428724246194,1.3538180240846371,-1.237855609121806,0.047578762521348905,-0.2629184666307089,0.6385834905040922,-1.543136023266253,0.9596542210892127,0.09265435414121524
371,less,0.0,0.0,0.0,0.0,0.0,0.0,0.0,0.0,0.0,0.0
372,lessen,0.0,0.0,0.0,0.0,0.0,0.0,0.0,0.0,0.0,0.0
373,letearthbreath,3.276800764471931,-3.2012214376132904,-1.4530982463958468,0.4923554576552247,-0.1696021448752744,-0.6011842687636454,-0.6608247549505912,0.1708561674136046,-0.06138842475625995,0.1474306308950087
374,lettheearthbreath,10.569606304986419,12.732807647879639,-4.870636332267566,1.2378839551553353,-0.7109479753343454,-1.2613254821431714,2.409349600219227,-0.14860772790199414,-0.6277441509532873,-0.06598494216068992
375,letthescientistbeheard,4.960007544861008,-5.144583975557487,-2.1224337701071843,-0.3241497269408923,1.2693851299651988,-1.955720953611597,-2.0907755910886876,0.18793558920688133,-0.22065888774908107,1.1602508016158324
376,level,0.10216544440666502,0.15738406605865976,0.6171197439140195,0.6386820898651816,-1.5087136486510881,-0.061834615225725725,-0.15607188017207055,-0.9648470907823538,-1.3054974323486024,-0.03533631161560255
377,lewisformn,0.0,0.0,0.0,0.0,0.0,0.0,0.0,0.0,0.0,0.0
378,lie,0.0,0.0,0.0,0.0,0.0,0.0,0.0,0.0,0.0,0.0
379,lifestyl,0.0,0.0,0.0,0.0,0.0,0.0,0.0,0.0,0.0,0.0
380,like,0.2506286868888188,-0.0191286608636766,0.9456715333740267,-0.4615365057121512,-0.35274416427370786,0.03889948858380082,-0.30171662687252754,1.7922871049814817,-0.12745209290110782,-0.836700123856202
381,lildickytweet,0.0,0.0,0.0,0.0,0.0,0.0,0.0,0.0,0.0,0.0
382,limit,0.0,0.0,0.0,0.0,0.0,0.0,0.0,0.0,0.0,0.0
383,listen,0.0,0.0,0.0,0.0,0.0,0.0,0.0,0.0,0.0,0.0
384,live,0.10790552901078365,-0.0358116445252214,-0.05716608017000054,0.16680556765546586,0.0036144900791674336,-0.2598269978588806,-0.09717265560377927,-0.09122217794267744,-0.036089522977853894,1.137798999183196
385,lol,0.499453906094657,0.48383361444728534,0.2617224444401848,-0.19738193269915522,0.10446610364503775,1.0585867694693047,-1.1895484174872977,-0.17825418360697845,0.07262223678620022,0.10589245713711598
386,long,0.5337858977310072,0.4227419908246868,0.4368779385856135,-0.5332829627563261,-0.04262712103085786,1.0980331576067421,-1.5768518448069468,0.4393401896231535,-0.018939363005673757,-0.06854486728362386
387,look,0.4066564772684926,0.16007310189174154,1.1070101234319187,1.300006165872745,-1.5022270165672493,-0.26855034814746587,-0.43147243972228594,0.2869787182782049,0.2931248300299719,0.26767303506038054
388,loop,0.6468326863196662,0.6615086303622324,0.43327674571649866,-0.25842638149015995,0.949899376368747,3.127536289225874,-3.7093325512906685,1.1612723109317526,1.0258949063089058,-0.3912197409032289
389,lose,0.0,0.0,0.0,0.0,0.0,0.0,0.0,0.0,0.0,0.0
390,loss,-0.11704734411068766,-0.0227124406758977,0.08479214034016533,-0.26412686547682357,0.39814379056896076,-0.4686269188770483,-0.1980298382542047,-0.15475969109260293,0.23418578377908075,-0.5118659485377958
391,lost,0.27620648288824085,0.061812601120984696,0.6008763106967814,-0.40026797943280373,0.381729466835042,-0.001953817116250407,-0.21542544043906872,-0.262615039767446,-0.9404296782101385,-0.17257350364222557
392,love,0.0,0.0,0.0,0.0,0.0,0.0,0.0,0.0,0.0,0.0
393,lower,0.8005170471852118,0.29149410930814235,1.198727293723528,-0.22284914117357646,0.7679115228247386,0.7334315403374,-0.7128942915420581,-0.3643116419417302,-1.081211833782702,-0.4522674514800934
394,lukeoshea,0.0,0.0,0.0,0.0,0.0,0.0,0.0,0.0,0.0,0.0
395,mackenzieinvest,0.0,0.0,0.0,0.0,0.0,0.0,0.0,0.0,0.0,0.0
396,mad,0.0,0.0,0.0,0.0,0.0,0.0,0.0,0.0,0.0,0.0
397,made,0.0,0.0,0.0,0.0,0.0,0.0,0.0,0.0,0.0,0.0
398,magazin,0.0,0.0,0.0,0.0,0.0,0.0,0.0,0.0,0.0,0.0
399,main,0.0,0.0,0.0,0.0,0.0,0.0,0.0,0.0,0.0,0.0
400,major,0.08226277836251582,0.13936655746724655,0.45597851890664637,0.5431921880264076,-1.1767731579113518,0.045849045686323336,-0.08953512109863139,-0.667213254361407,-1.2064698178850124,-0.058401690463149164
401,make,1.294474879134016,1.5919694427308086,-0.7474811161245165,0.26056223806483986,-0.1284744278579226,-0.20482078065320924,0.46553254744715467,-0.061016088590237993,-0.17026485595630542,0.02275010294018908
402,man,0.0,0.0,0.0,0.0,0.0,0.0,0.0,0.0,0.0,0.0
403,manag,0.0,0.0,0.0,0.0,0.0,0.0,0.0,0.0,0.0,0.0
404,mani,0.0,0.0,0.0,0.0,0.0,0.0,0.0,0.0,0.0,0.0
405,margin,0.0,0.0,0.0,0.0,0.0,0.0,0.0,0.0,0.0,0.0
406,marshablackburn,0.0,0.0,0.0,0.0,0.0,0.0,0.0,0.0,0.0,0.0
407,mass,0.0,0.0,0.0,0.0,0.0,0.0,0.0,0.0,0.0,0.0
408,mattywtf,0.0,0.0,0.0,0.0,0.0,0.0,0.0,0.0,0.0,0.0
409,mayb,-0.3170465163139999,0.05795572924382366,-0.2161240134428157,-0.0624262827230634,-0.9815597688344214,-0.49775165884810846,-0.20989706840360162,-0.2080098126050843,0.8526276147799535,-0.24839133237437933
410,measur,0.0,0.0,0.0,0.0,0.0,0.0,0.0,0.0,0.0,0.0
411,media,0.0617605541908719,0.07509324551899088,0.6748593162210461,-0.745770852863362,0.5019612554058861,-0.521319856423633,-0.4727006648096729,-0.33705105121965107,1.1530054358923527,0.6703368054145469
412,meet,0.16109370216689317,0.040490017887778465,0.4220596624236146,-0.2735295877950864,0.07440534173111983,-0.3887380399186933,7.728002831490511e-05,-0.12312481846179937,0.4530567748019968,0.4825367375559849
413,melt,0.0,0.0,0.0,0.0,0.0,0.0,0.0,0.0,0.0,0.0
414,meltdown,0.0,0.0,0.0,0.0,0.0,0.0,0.0,0.0,0.0,0.0
415,methan,0.0,0.0,0.0,0.0,0.0,0.0,0.0,0.0,0.0,0.0
416,mhofela,0.0,0.0,0.0,0.0,0.0,0.0,0.0,0.0,0.0,0.0
417,mhofu,0.0,0.0,0.0,0.0,0.0,0.0,0.0,0.0,0.0,0.0
418,michaelfaust,0.0,0.0,0.0,0.0,0.0,0.0,0.0,0.0,0.0,0.0
419,minut,0.0,0.0,0.0,0.0,0.0,0.0,0.0,0.0,0.0,0.0
420,miss,0.0,0.0,0.0,0.0,0.0,0.0,0.0,0.0,0.0,0.0
421,mississippi,0.0,0.0,0.0,0.0,0.0,0.0,0.0,0.0,0.0,0.0
422,mix,0.0,0.0,0.0,0.0,0.0,0.0,0.0,0.0,0.0,0.0
423,mobilelegendsol,0.0,0.0,0.0,0.0,0.0,0.0,0.0,0.0,0.0,0.0
424,mortal,0.0,0.0,0.0,0.0,0.0,0.0,0.0,0.0,0.0,0.0
425,mother,0.0,0.0,0.0,0.0,0.0,0.0,0.0,0.0,0.0,0.0
426,motiv,0.06677370146030433,-0.025596221870803872,0.11052349397947132,-0.04930960963736421,-0.2509738228448207,0.18965716158557389,0.13458173275125251,0.46678973529756684,0.905633747961035,0.36382090652953847
427,mrspa,0.0,0.0,0.0,0.0,0.0,0.0,0.0,0.0,0.0,0.0
428,mtmiss,0.38680843829714295,-0.06833601986595982,0.8383786029431488,-0.5232647515145689,0.26589910874700634,-0.4118808720155162,-0.025426225641159185,0.025092214702649218,-0.7878643385324273,-1.0418528902945934
429,much,0.0,0.0,0.0,0.0,0.0,0.0,0.0,0.0,0.0,0.0
430,nation,0.5258264686651297,-0.16622162110487002,1.1121496808047548,-1.360656569879149,-0.1481709458951318,-0.39513432545969307,0.5741301436458159,0.1702281472607005,0.3260925135009935,-1.4403149426527677
431,natur,0.42213462227326254,0.025064391833785515,1.1251802286742332,-1.2331999688941016,0.4555787464534369,-0.5435839850404937,-0.3469906576682542,-1.0809209658666072,-2.0434151083470122,0.018834819297429514
432,need,0.4924475567589643,-0.14442336516386048,1.0012081858611288,-1.1471485824841654,0.07039947713905538,-0.19612938897703733,0.2989157648949047,0.012488822208461436,0.15402865420598927,-0.7891930190193474
433,neglect,0.0,0.0,0.0,0.0,0.0,0.0,0.0,0.0,0.0,0.0
434,neptun,0.6468326863196662,0.6615086303622324,0.43327674571649866,-0.25842638149015995,0.949899376368747,3.127536289225874,-3.7093325512906685,1.1612723109317526,1.0258949063089058,-0.3912197409032289
435,never,0.499453906094657,0.48383361444728534,0.2617224444401848,-0.19738193269915522,0.10446610364503775,1.0585867694693047,-1.1895484174872977,-0.17825418360697845,0.07262223678620022,0.10589245713711598
436,new,0.0,0.0,0.0,0.0,0.0,0.0,0.0,0.0,0.0,0.0
437,news,0.0610508132475812,0.03189653954111155,0.6111387576728177,1.7461200096292657,2.593060362911205,0.8035774098015954,-0.18569654276523578,0.5471917292235515,-3.775841156972149,4.194296895655298
438,nice,0.0,0.0,0.0,0.0,0.0,0.0,0.0,0.0,0.0,0.0
439,night,0.6230046046729055,-0.6443495864448283,-0.1453578301066795,-0.28926631413738463,0.4310176112088413,-0.4698198717769787,-0.4566037702974156,-0.04035469387128354,0.1505391625609067,0.5771165770798137
440,nik,0.0,0.0,0.0,0.0,0.0,0.0,0.0,0.0,0.0,0.0
441,nobodi,-0.0805692309358808,0.018132317785324203,-0.04005375749476031,0.04636082856575651,-0.052574366869889665,0.17025243511574562,0.12087505583291994,-0.19233646109100336,0.4146341257204769,0.2983347922704443
442,non,0.0,0.0,0.0,0.0,0.0,0.0,0.0,0.0,0.0,0.0
443,normal,1.805679027539681,-0.696766487631379,2.092111762269652,-0.5017264113865302,-1.652237727947137,2.1311158957378575,1.508900698012976,-1.9073659213890302,0.07383393814399036,0.10779576212629761
444,noth,0.0,0.0,0.0,0.0,0.0,0.0,0.0,0.0,0.0,0.0
445,notwoof,0.0,0.0,0.0,0.0,0.0,0.0,0.0,0.0,0.0,0.0
446,number,0.5005982171901439,0.0024433347384177836,1.7620022602802223,-0.19433092379929828,-0.3373247486619628,-0.06199510100504629,0.11401600690552582,3.1764143934793756,0.3400118743808356,-0.5812605243136971
447,nytim,0.0,0.0,0.0,0.0,0.0,0.0,0.0,0.0,0.0,0.0
448,oak,0.0,0.0,0.0,0.0,0.0,0.0,0.0,0.0,0.0,0.0
449,oath,0.0,0.0,0.0,0.0,0.0,0.0,0.0,0.0,0.0,0.0
450,ocean,0.0,0.0,0.0,0.0,0.0,0.0,0.0,0.0,0.0,0.0
451,odett,0.0,0.0,0.0,0.0,0.0,0.0,0.0,0.0,0.0,0.0
452,okay,0.11115840285265043,0.015770232984036434,0.3498718455017369,-0.29478102926802285,0.1589685273552779,-0.35656482749877877,-0.005431890269974461,-0.25931774329480756,0.6426895828841173,0.7728563025414008
453,oml,1.5418437922712271,1.853372970424616,-0.6325855112964434,-0.000619120236629155,0.33023684476626747,-0.6090486171452568,0.9187723265470426,0.34703332953154337,-0.022173906852865556,-0.7888396537118152
454,one,0.6468326863196662,0.6615086303622324,0.43327674571649866,-0.25842638149015995,0.949899376368747,3.127536289225874,-3.7093325512906685,1.1612723109317526,1.0258949063089058,-0.3912197409032289
455,ongo,0.0,0.0,0.0,0.0,0.0,0.0,0.0,0.0,0.0,0.0
456,open,0.0,0.0,0.0,0.0,0.0,0.0,0.0,0.0,0.0,0.0
457,oper,0.0,0.0,0.0,0.0,0.0,0.0,0.0,0.0,0.0,0.0
458,order,0.0,0.0,0.0,0.0,0.0,0.0,0.0,0.0,0.0,0.0
459,organ,0.0,0.0,0.0,0.0,0.0,0.0,0.0,0.0,0.0,0.0
460,origin,-0.02181498728142277,-0.07468739026338661,0.13990278987264093,0.2479364491952669,0.3144558673376138,-0.1010985997921626,0.06053675940147227,-0.17610879094846343,0.1768766180291655,0.3596770069556419
461,orlaeth,0.0,0.0,0.0,0.0,0.0,0.0,0.0,0.0,0.0,0.0
462,outsid,0.17121413419400783,0.04961554720755728,0.49043615887617503,-0.3795725261193896,0.09275191621708469,-0.46201201966774413,0.08604150804038097,-0.15955710417974328,0.6617594914144357,0.6779835319781248
463,overdos,0.0,0.0,0.0,0.0,0.0,0.0,0.0,0.0,0.0,0.0
464,overfish,0.15996350286010974,0.03712449665249237,0.4209742882240553,-0.2769968727211053,0.07579453293781889,-0.3921171751668999,0.00785422270662807,-0.13708352735747148,0.45284422507726313,0.4729687049421109
465,overshoot,0.0,0.0,0.0,0.0,0.0,0.0,0.0,0.0,0.0,0.0
466,own,0.0,0.0,0.0,0.0,0.0,0.0,0.0,0.0,0.0,0.0
467,paid,-0.016370975209346595,0.050878499091320785,0.22966156073857896,0.00044082327733804567,0.019612992019175303,-0.07668625344846929,-0.17283068149024292,-0.45924325759628737,-0.16480068846042095,0.29600349523494784
468,part,0.24835014714301773,0.006168703630680141,0.6275820302611771,-0.8280670431577448,0.42969393005978584,-0.41402598533962615,-0.37882459470092755,-0.0023314839998550625,0.5551277665208973,-0.18274885649412181
469,pass,0.09043344920863738,0.040379482567916444,0.8511997323511309,2.5801547550345605,3.5359172757448905,1.032673017798484,-0.4683266585875585,0.39921060707598743,-4.710210981850426,4.850718430961846
470,past,0.38680843829714295,-0.06833601986595982,0.8383786029431488,-0.5232647515145689,0.26589910874700634,-0.4118808720155162,-0.025426225641159185,0.025092214702649218,-0.7878643385324273,-1.0418528902945934
471,patrick,0.0,0.0,0.0,0.0,0.0,0.0,0.0,0.0,0.0,0.0
472,pattern,0.0,0.0,0.0,0.0,0.0,0.0,0.0,0.0,0.0,0.0
473,pay,0.0,0.0,0.0,0.0,0.0,0.0,0.0,0.0,0.0,0.0
474,peac,0.15802756927870057,0.0998548989827682,0.08922367276271967,-0.3529870388496717,-0.08937187240891459,-0.1922913398948921,0.32331778996511745,0.048547033456992336,-0.6657970429508133,-0.4353071090349524
475,peopl,1.1519362702158087,0.01430575311456578,4.797895180296915,4.573509441906409,-3.2066891704198794,-1.0057237754459631,0.6917183576385356,3.8554075722302046,-0.1363913574328389,0.5522536340686549
476,person,0.0,0.0,0.0,0.0,0.0,0.0,0.0,0.0,0.0,0.0
477,peter,0.0,0.0,0.0,0.0,0.0,0.0,0.0,0.0,0.0,0.0
478,peterhotez,0.0,0.0,0.0,0.0,0.0,0.0,0.0,0.0,0.0,0.0
479,philippin,0.0,0.0,0.0,0.0,0.0,0.0,0.0,0.0,0.0,0.0
480,photosynthesi,0.0,0.0,0.0,0.0,0.0,0.0,0.0,0.0,0.0,0.0
481,physic,1.216812988142226,1.4087556436095328,-0.34921608370590085,0.4169216749512944,-0.494207088456606,-0.4215423183324419,0.16316648187024532,0.09763892094927913,0.035072019868654616,0.09400872369182875
482,pictur,0.0,0.0,0.0,0.0,0.0,0.0,0.0,0.0,0.0,0.0
483,pik,0.0,0.0,0.0,0.0,0.0,0.0,0.0,0.0,0.0,0.0
484,plan,0.0,0.0,0.0,0.0,0.0,0.0,0.0,0.0,0.0,0.0
485,planet,3.65995792428719,-3.146264499892496,-0.07932400739613266,-0.6542415842046635,-0.47318690893976756,1.1746367773348083,1.09945141657626,-0.348300030435629,-0.562182050610968,-0.8737829544225786
486,plant,0.0,0.0,0.0,0.0,0.0,0.0,0.0,0.0,0.0,0.0
487,plastic,0.0,0.0,0.0,0.0,0.0,0.0,0.0,0.0,0.0,0.0
488,play,0.0,0.0,0.0,0.0,0.0,0.0,0.0,0.0,0.0,0.0
489,pleas,0.0,0.0,0.0,0.0,0.0,0.0,0.0,0.0,0.0,0.0
490,pledg,0.0,0.0,0.0,0.0,0.0,0.0,0.0,0.0,0.0,0.0
491,point,0.19056479999423945,0.02735670410175411,-0.003801230495775135,0.033262990999006196,0.22153315142523075,-0.23640484637367515,0.2962257079194187,0.10999236800329176,0.15226948440293278,0.5205847005741192
492,pole,0.0,0.0,0.0,0.0,0.0,0.0,0.0,0.0,0.0,0.0
493,polic,0.0,0.0,0.0,0.0,0.0,0.0,0.0,0.0,0.0,0.0
494,polici,0.0,0.0,0.0,0.0,0.0,0.0,0.0,0.0,0.0,0.0
495,pollut,0.11587536657679628,-0.007827166572702656,0.23084860498031462,-0.1555920233453126,0.039818646716240774,-0.19885183984604826,-0.08361586533509399,-0.20102448269862166,-0.3200904895520367,-0.0388720698555823
496,porn,0.03864519738545569,0.008687227414645702,0.18977283854502247,-0.18337598210321984,-0.35190918618068867,0.07207513653618997,-0.07283300192730174,-0.32994199874808317,0.32358682152040597,-0.2929500025537565
497,pose,0.0,0.0,0.0,0.0,0.0,0.0,0.0,0.0,0.0,0.0
498,post,0.0,0.0,0.0,0.0,0.0,0.0,0.0,0.0,0.0,0.0
499,potato,-0.02181498728142277,-0.07468739026338661,0.13990278987264093,0.2479364491952669,0.3144558673376138,-0.1010985997921626,0.06053675940147227,-0.17610879094846343,0.1768766180291655,0.3596770069556419
500,preciousmasa,0.0,0.0,0.0,0.0,0.0,0.0,0.0,0.0,0.0,0.0
501,precis,0.2368320836916987,-0.1078600309078631,0.2834104325823337,-0.2220374613909533,0.027130557261454274,0.23816054934195083,0.23991594825018203,-0.12775745047311268,-0.18013294127035934,-0.424545525639474
502,presenc,0.0,0.0,0.0,0.0,0.0,0.0,0.0,0.0,0.0,0.0
503,prevent,0.0,0.0,0.0,0.0,0.0,0.0,0.0,0.0,0.0,0.0
504,print,0.0,0.0,0.0,0.0,0.0,0.0,0.0,0.0,0.0,0.0
505,problem,0.24835014714301773,0.006168703630680141,0.6275820302611771,-0.8280670431577448,0.42969393005978584,-0.41402598533962615,-0.37882459470092755,-0.0023314839998550625,0.5551277665208973,-0.18274885649412181
506,project,0.0,0.0,0.0,0.0,0.0,0.0,0.0,0.0,0.0,0.0
507,protect,0.7147500930833965,-0.5508196173532398,0.2101572085945237,-0.24665832497456705,-0.08409398951494568,0.4317897031770705,0.44557630101335144,-0.23277009282231223,-0.2842463115148545,-0.6119104419014364
508,protest,0.0,0.0,0.0,0.0,0.0,0.0,0.0,0.0,0.0,0.0
509,proud,0.0,0.0,0.0,0.0,0.0,0.0,0.0,0.0,0.0,0.0
510,public,0.0,0.0,0.0,0.0,0.0,0.0,0.0,0.0,0.0,0.0
511,publish,0.0,0.0,0.0,0.0,0.0,0.0,0.0,0.0,0.0,0.0
512,push,0.0,0.0,0.0,0.0,0.0,0.0,0.0,0.0,0.0,0.0
513,put,0.169187460648814,-0.20819530165280523,0.36473434122141324,-0.48138538244673146,0.16231995100772859,-0.1820019798851907,0.5317443933063758,-0.50592304150336,-0.023343763384154878,-1.6747975374691382
514,putin,0.0,0.0,0.0,0.0,0.0,0.0,0.0,0.0,0.0,0.0
515,qu,0.0,0.0,0.0,0.0,0.0,0.0,0.0,0.0,0.0,0.0
516,racist,0.0,0.0,0.0,0.0,0.0,0.0,0.0,0.0,0.0,0.0
517,radahn,0.27620648288824085,0.061812601120984696,0.6008763106967814,-0.40026797943280373,0.381729466835042,-0.001953817116250407,-0.21542544043906872,-0.262615039767446,-0.9404296782101385,-0.17257350364222557
518,rare,0.0,0.0,0.0,0.0,0.0,0.0,0.0,0.0,0.0,0.0
519,rather,-0.042640680567833426,-0.023546909066829935,0.208552870293124,-0.34537714414100956,-0.17944277021905075,-0.07245712865563558,-0.06528156756453653,-0.3788668373052807,-0.2636552153524768,0.1518994524271207
520,raw,0.0,0.0,0.0,0.0,0.0,0.0,0.0,0.0,0.0,0.0
521,rbreich,0.0,0.0,0.0,0.0,0.0,0.0,0.0,0.0,0.0,0.0
522,re,0.0,0.0,0.0,0.0,0.0,0.0,0.0,0.0,0.0,0.0
523,reach,0.0,0.0,0.0,0.0,0.0,0.0,0.0,0.0,0.0,0.0
524,reaction,0.0,0.0,0.0,0.0,0.0,0.0,0.0,0.0,0.0,0.0
525,read,0.0,0.0,0.0,0.0,0.0,0.0,0.0,0.0,0.0,0.0
526,readi,-0.18995339888587462,0.036132580993556734,-0.1271997753141454,-0.059817630148018726,-0.5785970125073973,-0.2918492402966691,-0.16392697699370662,0.0034062182470926583,0.5830318777261319,-0.12141930587222817
527,real,0.3298501526140996,0.06231514001673808,0.969759920032571,-0.7636007605800538,0.3669572188481518,-0.9414001097150453,-0.02437809068478584,-0.5950539075028739,1.5387316402265723,1.816707284893779
528,realiti,3.276800764471931,-3.2012214376132904,-1.4530982463958468,0.4923554576552247,-0.1696021448752744,-0.6011842687636454,-0.6608247549505912,0.1708561674136046,-0.06138842475625995,0.1474306308950087
529,reb,-0.12494541235926203,0.01387457874601856,0.06375066747922216,-0.1380549500117564,0.2543237727213149,0.22649599664556208,-0.16425087993060414,0.10741139270700543,0.2890111013470503,0.01432712178804434
530,recent,0.4546162720759011,0.03934593948339349,1.3706414264674676,0.18244897514453154,-0.12699462781349385,-0.06089674867637784,0.559770120953399,2.7556532974225236,0.6764542371955649,0.2572611291333464
531,recycl,0.0,0.0,0.0,0.0,0.0,0.0,0.0,0.0,0.0,0.0
532,reduc,0.0,0.0,0.0,0.0,0.0,0.0,0.0,0.0,0.0,0.0
533,reef,0.0,0.0,0.0,0.0,0.0,0.0,0.0,0.0,0.0,0.0
534,releas,0.0,0.0,0.0,0.0,0.0,0.0,0.0,0.0,0.0,0.0
535,rememb,0.0,0.0,0.0,0.0,0.0,0.0,0.0,0.0,0.0,0.0
536,remov,0.4924475567589643,-0.14442336516386048,1.0012081858611288,-1.1471485824841654,0.07039947713905538,-0.19612938897703733,0.2989157648949047,0.012488822208461436,0.15402865420598927,-0.7891930190193474
537,renew,0.0,0.0,0.0,0.0,0.0,0.0,0.0,0.0,0.0,0.0
538,report,0.0,0.0,0.0,0.0,0.0,0.0,0.0,0.0,0.0,0.0
539,repres,0.0,0.0,0.0,0.0,0.0,0.0,0.0,0.0,0.0,0.0
540,research,0.0,0.0,0.0,0.0,0.0,0.0,0.0,0.0,0.0,0.0
541,resort,0.0,0.0,0.0,0.0,0.0,0.0,0.0,0.0,0.0,0.0
542,respons,0.0,0.0,0.0,0.0,0.0,0.0,0.0,0.0,0.0,0.0
543,rewrit,0.0,0.0,0.0,0.0,0.0,0.0,0.0,0.0,0.0,0.0
544,rich,0.07965038449010384,-0.002920373960348557,0.1773951995866878,-0.07680624128617787,0.094791378462947,-0.30091549577465715,-0.04861770630848535,-0.33554462627394543,0.03426084390465077,0.5593769214525869
545,richa,0.15844437678404835,0.03894306697345571,0.421251109729009,-0.28317661727959603,0.07458795566124797,-0.3923362686781566,0.010748685043191188,-0.14207775727379998,0.46069511326976736,0.4867402274995797
546,right,0.0394723600396463,-0.008092385632250553,-0.03331171103512732,0.23607374717460317,-0.10946970456787325,-0.07608567242467056,-0.059092927119752954,0.1937651108615389,-0.04661745466552283,0.06125491381134778
547,rise,0.10408432810357827,0.029594839611565598,0.2561382379750226,0.25043674034656155,0.030502962599027034,0.08748565193494845,-0.010066609088693466,0.2087870743938228,0.001016159921779862,-0.11805946131007512
548,risk,0.25175191500653576,-0.002900698420415064,-0.059248202042210873,0.166011815461752,0.18838377266519474,-0.3878962965906175,0.19304700356928273,0.07303627714113672,0.110204902114668,1.3005843588868626
549,rob,0.0,0.0,0.0,0.0,0.0,0.0,0.0,0.0,0.0,0.0
550,romudeth,0.0,0.0,0.0,0.0,0.0,0.0,0.0,0.0,0.0,0.0
551,room,0.0,0.0,0.0,0.0,0.0,0.0,0.0,0.0,0.0,0.0
552,round,0.027014440594793944,-0.0351042443377564,0.15867473879997482,-0.2279536574626546,-0.2135869094837653,0.2830114481234361,0.12884388497231206,0.30157380245475857,0.8526477979111875,0.5848505099479783
553,rthwithbi,-0.12494541235926203,0.01387457874601856,0.06375066747922216,-0.1380549500117564,0.2543237727213149,0.22649599664556208,-0.16425087993060414,0.10741139270700543,0.2890111013470503,0.01432712178804434
554,sadli,0.3561697240922467,-0.09066984533131153,1.6802767902198414,2.0752389007870513,0.7798901991525026,-0.09290157824479425,1.2313538061641558,1.4011517585415005,0.559281756251488,-0.1396167662438439
555,sam,0.0,0.0,0.0,0.0,0.0,0.0,0.0,0.0,0.0,0.0
556,save,0.18003917265473973,0.039563327886242686,0.6275714834128154,-0.30020928451617496,-0.4259630830493401,-0.10776080423476053,-0.21167943674671458,-0.7059169433997894,0.4458640423396514,0.4428935856032
557,saveplanetearth,3.276800764471931,-3.2012214376132904,-1.4530982463958468,0.4923554576552247,-0.1696021448752744,-0.6011842687636454,-0.6608247549505912,0.1708561674136046,-0.06138842475625995,0.1474306308950087
558,say,1.6524661903782896,1.8622194977134447,-0.43950467835558604,-0.1398843940574787,0.5248638481468543,-0.8849567664491257,1.1095987304371704,0.38550682449649987,0.3375786216896604,-0.46622012728931694
559,scale,0.0,0.0,0.0,0.0,0.0,0.0,0.0,0.0,0.0,0.0
560,scenario,0.0,0.0,0.0,0.0,0.0,0.0,0.0,0.0,0.0,0.0
561,school,0.0,0.0,0.0,0.0,0.0,0.0,0.0,0.0,0.0,0.0
562,scienc,-0.023151062049426855,0.012758600042331873,0.2792956332954809,-0.5770103126376395,-0.4518615880022746,-0.06227075114386808,-0.20238157480718522,-0.5540617651198838,-0.33506315865763253,0.7409337720419616
563,scientif,0.11146670739465346,0.016835426907010346,0.35299531340232326,-0.30040183820950195,0.16380128197047666,-0.3558603549350846,-0.023470318052959557,-0.26460280256764834,0.6422599378991751,0.7692209460165961
564,scientist,0.5100884288914511,0.31389338597322763,0.09377004992741043,-0.1104794676466508,0.43708929625183535,-0.5735989903358487,0.5874634493475569,0.18664252990858166,0.4885913218172815,0.6548784956583646
565,scientistprotest,4.0894611956755496,-3.9891078419369146,-1.9092873055337636,0.7336307484651651,-0.2595162062123786,-0.9258730534541094,-0.8722865399258064,0.23151105813007883,-0.04543002601856113,0.18898775217706798
566,scitechdaili,0.1386396762093899,0.15596422722232653,0.22250953139030666,-0.6695407896441365,-0.8440565303186589,-0.16002372263472198,-0.30334811852886084,-0.3013608199841239,0.05494419418833436,1.807013799809532
567,scroll,0.0,0.0,0.0,0.0,0.0,0.0,0.0,0.0,0.0,0.0
568,sea,0.0,0.0,0.0,0.0,0.0,0.0,0.0,0.0,0.0,0.0
569,search,0.0,0.0,0.0,0.0,0.0,0.0,0.0,0.0,0.0,0.0
570,season,-0.06230964487830428,-0.07181352241204988,0.13125322605784773,-0.2925343391904632,0.150237200107969,-0.25694526689482,0.43633812823102613,0.3978545295642359,-0.07675284172125019,0.6445950835809519
571,seen,0.0,0.0,0.0,0.0,0.0,0.0,0.0,0.0,0.0,0.0
572,seri,0.0,0.0,0.0,0.0,0.0,0.0,0.0,0.0,0.0,0.0
573,serious,0.0,0.0,0.0,0.0,0.0,0.0,0.0,0.0,0.0,0.0
574,shape,0.022454252696654516,0.0044094398544207575,0.1391071275624446,-0.2455722300993397,-0.46993591031259047,0.13030213498961388,-0.04785918376843601,-0.3716016905898004,0.444301862050143,-0.5969034500103435
575,shoestr,-0.02181498728142277,-0.07468739026338661,0.13990278987264093,0.2479364491952669,0.3144558673376138,-0.1010985997921626,0.06053675940147227,-0.17610879094846343,0.1768766180291655,0.3596770069556419
576,shout,0.0,0.0,0.0,0.0,0.0,0.0,0.0,0.0,0.0,0.0
577,show,0.29786760120537104,-0.06460254913590968,1.3849383830541118,-0.6096071892415538,-0.6043205811008904,-0.03847963899000456,-0.3922658349128814,2.81446399087201,-0.3607931465065324,-1.3791467404075792
578,shriekingnois,0.0,0.0,0.0,0.0,0.0,0.0,0.0,0.0,0.0,0.0
579,shrink,0.0,0.0,0.0,0.0,0.0,0.0,0.0,0.0,0.0,0.0
580,shrug,0.0,0.0,0.0,0.0,0.0,0.0,0.0,0.0,0.0,0.0
581,shut,0.0,0.0,0.0,0.0,0.0,0.0,0.0,0.0,0.0,0.0
582,shxx,-0.04473633192258069,0.0688642823971607,0.25311281374535943,-0.02385546804395977,0.4745481273640678,0.5852745463786869,0.432434506885804,0.3349769179446161,0.05391995692533312,-0.26418497253272316
583,sinc,0.0,0.0,0.0,0.0,0.0,0.0,0.0,0.0,0.0,0.0
584,singl,0.0,0.0,0.0,0.0,0.0,0.0,0.0,0.0,0.0,0.0
585,slow,0.0,0.0,0.0,0.0,0.0,0.0,0.0,0.0,0.0,0.0
586,slowli,0.6740005503720385,0.3482595570200049,1.182978035993711,-0.8533735336617256,-0.3374885334643422,0.9800934211377599,-1.6170820363818394,1.9068725062906977,-0.12499068994095415,-0.7724300129785509
587,smdi,0.6468326863196662,0.6615086303622324,0.43327674571649866,-0.25842638149015995,0.949899376368747,3.127536289225874,-3.7093325512906685,1.1612723109317526,1.0258949063089058,-0.3912197409032289
588,smith,0.0,0.0,0.0,0.0,0.0,0.0,0.0,0.0,0.0,0.0
589,smoke,0.0,0.0,0.0,0.0,0.0,0.0,0.0,0.0,0.0,0.0
590,snow,0.4179814368770203,0.014091097345199869,1.761999840515524,2.355193619972919,-4.0511779902916025,0.43799447749742987,-2.296294463890315,-2.450548686698818,1.1712800604882392,0.08686978566344924
591,snowi,0.0,0.0,0.0,0.0,0.0,0.0,0.0,0.0,0.0,0.0
592,snowstorm,0.0,0.0,0.0,0.0,0.0,0.0,0.0,0.0,0.0,0.0
593,social,-0.021310161446935975,0.029754483657995424,0.3133792656272484,-0.317045108097997,0.3169527954568095,-0.17112996701699215,-0.28863636214375327,-0.03404546622030243,-0.091200647269849,-0.24380690932472251
594,solar,0.0037106143717282746,-0.05209820153091697,0.02044352491679835,0.061000747969044436,0.12960163224239843,0.0927720514479255,-0.45765887206175127,0.1323775011819437,0.10870081436123769,0.17891906450875253
595,solut,0.6468326863196662,0.6615086303622324,0.43327674571649866,-0.25842638149015995,0.949899376368747,3.127536289225874,-3.7093325512906685,1.1612723109317526,1.0258949063089058,-0.3912197409032289
596,someon,0.0,0.0,0.0,0.0,0.0,0.0,0.0,0.0,0.0,0.0
597,someth,0.0,0.0,0.0,0.0,0.0,0.0,0.0,0.0,0.0,0.0
598,soon,0.3527703787975283,0.2446264511510802,0.3507782667256984,-0.5496711737214779,-0.6449766533548773,-0.786036434996431,0.0776898335312171,0.21051832434644682,1.0486116155780076,1.7241825116460503
599,sound,0.0,0.0,0.0,0.0,0.0,0.0,0.0,0.0,0.0,0.0
600,sourc,0.10408432810357827,0.029594839611565598,0.2561382379750226,0.25043674034656155,0.030502962599027034,0.08748565193494845,-0.010066609088693466,0.2087870743938228,0.001016159921779862,-0.11805946131007512
601,southeast,0.0,0.0,0.0,0.0,0.0,0.0,0.0,0.0,0.0,0.0
602,southwest,0.0,0.0,0.0,0.0,0.0,0.0,0.0,0.0,0.0,0.0
603,speak,0.38680843829714295,-0.06833601986595982,0.8383786029431488,-0.5232647515145689,0.26589910874700634,-0.4118808720155162,-0.025426225641159185,0.025092214702649218,-0.7878643385324273,-1.0418528902945934
604,speci,0.0,0.0,0.0,0.0,0.0,0.0,0.0,0.0,0.0,0.0
605,speed,0.0,0.0,0.0,0.0,0.0,0.0,0.0,0.0,0.0,0.0
606,spread,-0.021310161446935975,0.029754483657995424,0.3133792656272484,-0.317045108097997,0.3169527954568095,-0.17112996701699215,-0.28863636214375327,-0.03404546622030243,-0.091200647269849,-0.24380690932472251
607,spreadawar,1.3779046749090846,1.5703714145430945,-0.3294859323807236,-0.04258158528791458,0.018463322686254006,0.5959541824999475,-0.5840627620673676,-0.0991985763042029,-0.03584668527231789,0.14498423607329375
608,spring,0.0,0.0,0.0,0.0,0.0,0.0,0.0,0.0,0.0,0.0
609,stand,1.5418437922712271,1.853372970424616,-0.6325855112964434,-0.000619120236629155,0.33023684476626747,-0.6090486171452568,0.9187723265470426,0.34703332953154337,-0.022173906852865556,-0.7888396537118152
610,start,0.0,0.0,0.0,0.0,0.0,0.0,0.0,0.0,0.0,0.0
611,stay,0.0012438774913185483,-0.07604909249745836,-0.048989487486208495,-0.1415493779384802,0.10506422988849645,-0.1195746902169135,-0.14591684845157885,0.2971338919178201,0.24874570600081627,0.18026377795526446
612,steal,0.0037106143717282746,-0.05209820153091697,0.02044352491679835,0.061000747969044436,0.12960163224239843,0.0927720514479255,-0.45765887206175127,0.1323775011819437,0.10870081436123769,0.17891906450875253
613,steep,-0.14427638394737782,-0.08354411341112812,-0.3148596077665339,-0.3139408644699413,-0.1437631808423849,-0.09430338754463426,-1.032941320344738,-0.045398261422615487,-0.17579087399767634,0.07634202905744447
614,still,0.42213462227326254,0.025064391833785515,1.1251802286742332,-1.2331999688941016,0.4555787464534369,-0.5435839850404937,-0.3469906576682542,-1.0809209658666072,-2.0434151083470122,0.018834819297429514
615,stone,0.0,0.0,0.0,0.0,0.0,0.0,0.0,0.0,0.0,0.0
616,stop,2.0963166703967615,-1.7630083300026769,1.2057864760058112,-3.0112704383138924,-1.3199181074547706,10.461600808537913,8.539432591145797,-2.331846609131986,0.6074181327220309,2.66398759479154
617,stopfossilfuel,3.276800764471931,-3.2012214376132904,-1.4530982463958468,0.4923554576552247,-0.1696021448752744,-0.6011842687636454,-0.6608247549505912,0.1708561674136046,-0.06138842475625995,0.1474306308950087
618,stori,0.0,0.0,0.0,0.0,0.0,0.0,0.0,0.0,0.0,0.0
619,storm,0.0,0.0,0.0,0.0,0.0,0.0,0.0,0.0,0.0,0.0
620,strategi,0.3256491607649909,0.1999598935945835,0.49496448871209703,-0.01870193545957541,-0.21640881956023864,-0.4637962196286311,-0.07219030156827465,-0.03284814900463342,0.4471990000853654,0.4672946258930291
621,stream,0.0,0.0,0.0,0.0,0.0,0.0,0.0,0.0,0.0,0.0
622,strike,0.4754367145802051,-0.05140942470430253,1.1773369596129637,-0.6085951641786858,0.31085642371304334,-0.6007640900943485,-0.005133516900618178,-0.02280145713643721,-0.7381460609195494,-0.9048674677423425
623,stuartbrainerd,0.0,0.0,0.0,0.0,0.0,0.0,0.0,0.0,0.0,0.0
624,studi,0.2134189408721088,0.024522153588192902,0.5531884060515156,0.0020762536550516307,-0.10295393305590486,0.027851977468977034,0.2449276472062743,1.383971601271742,0.295939257646392,0.15093053032664205
625,stuff,0.17121413419400783,0.04961554720755728,0.49043615887617503,-0.3795725261193896,0.09275191621708469,-0.46201201966774413,0.08604150804038097,-0.15955710417974328,0.6617594914144357,0.6779835319781248
626,stup,0.0,0.0,0.0,0.0,0.0,0.0,0.0,0.0,0.0,0.0
627,suffoc,0.0,0.0,0.0,0.0,0.0,0.0,0.0,0.0,0.0,0.0
628,summer,0.8829784349179807,-0.10604217727270834,2.1101689285623806,-1.913795645491085,0.5275442555393439,-0.8530353963217807,-0.029839690835812158,-0.7113975345959285,-1.646556229625304,-1.0134025442264598
629,sun,0.04190713373279353,0.002789564085573319,0.6011871449635506,1.697804941421158,2.554863463176866,0.7368922814761867,-0.2687671481129199,0.4420871779251365,-3.9819965254566423,4.286205340586926
630,sundanceconstr,0.38680843829714295,-0.06833601986595982,0.8383786029431488,-0.5232647515145689,0.26589910874700634,-0.4118808720155162,-0.025426225641159185,0.025092214702649218,-0.7878643385324273,-1.0418528902945934
631,suppli,0.0,0.0,0.0,0.0,0.0,0.0,0.0,0.0,0.0,0.0
632,support,0.11146670739465346,0.016835426907010346,0.35299531340232326,-0.30040183820950195,0.16380128197047666,-0.3558603549350846,-0.023470318052959557,-0.26460280256764834,0.6422599378991751,0.7692209460165961
633,suppos,0.0,0.0,0.0,0.0,0.0,0.0,0.0,0.0,0.0,0.0
634,sure,0.0,0.0,0.0,0.0,0.0,0.0,0.0,0.0,0.0,0.0
635,surviv,0.0,0.0,0.0,0.0,0.0,0.0,0.0,0.0,0.0,0.0
636,sustain,0.0,0.0,0.0,0.0,0.0,0.0,0.0,0.0,0.0,0.0
637,t,0.0,0.0,0.0,0.0,0.0,0.0,0.0,0.0,0.0,0.0
638,take,3.276800764471931,-3.2012214376132904,-1.4530982463958468,0.4923554576552247,-0.1696021448752744,-0.6011842687636454,-0.6608247549505912,0.1708561674136046,-0.06138842475625995,0.1474306308950087
639,talk,0.17121413419400783,0.04961554720755728,0.49043615887617503,-0.3795725261193896,0.09275191621708469,-0.46201201966774413,0.08604150804038097,-0.15955710417974328,0.6617594914144357,0.6779835319781248
640,target,0.3901407866106875,-0.03326079409212115,1.053051712886937,-0.5172379399402347,0.2650053326490389,-0.5442344069923638,-0.016270699106063578,0.007738803256124829,-0.6955475951551866,-0.8254562989941391
641,task,0.0,0.0,0.0,0.0,0.0,0.0,0.0,0.0,0.0,0.0
642,technic,0.0,0.0,0.0,0.0,0.0,0.0,0.0,0.0,0.0,0.0
643,technolog,0.016084019657186383,0.038500813803283414,0.11389859917090721,-0.32136954870397944,-0.343308303545965,0.000740231889935892,-0.1689524090958322,-0.2610426729861559,-0.12308967642712478,0.70623791285279
644,temperatur,0.8272642394297356,0.23072610749534206,1.8641214519465854,1.2179923520481002,0.29911325821331763,0.5113239448023846,-0.06176724019638047,1.026021806150064,0.009456355195437333,-0.25467976248589813
645,tend,0.0,0.0,0.0,0.0,0.0,0.0,0.0,0.0,0.0,0.0
646,terrifi,0.19421069049496498,0.09357754386826377,0.3185826189722562,-0.2792378364181761,-0.12821347150013057,-0.4611833728699734,0.06156484363835669,0.035962735487480746,0.5823053981985282,0.6865125706937778
647,thank,0.0,0.0,0.0,0.0,0.0,0.0,0.0,0.0,0.0,0.0
648,thebeaverton,0.38680843829714295,-0.06833601986595982,0.8383786029431488,-0.5232647515145689,0.26589910874700634,-0.4118808720155162,-0.025426225641159185,0.025092214702649218,-0.7878643385324273,-1.0418528902945934
649,thehil,0.0,0.0,0.0,0.0,0.0,0.0,0.0,0.0,0.0,0.0
650,thereptil,0.0,0.0,0.0,0.0,0.0,0.0,0.0,0.0,0.0,0.0
651,thing,0.5150852670489178,-0.07235165005383389,1.268452531712235,-0.6739495651550618,0.33949031131739815,-0.6815666914817138,-0.04396071952286177,0.05226629652643615,-0.9930706807077303,-1.4013492835499102
652,think,0.38680843829714295,-0.06833601986595982,0.8383786029431488,-0.5232647515145689,0.26589910874700634,-0.4118808720155162,-0.025426225641159185,0.025092214702649218,-0.7878643385324273,-1.0418528902945934
653,thisplanet,0.0,0.0,0.0,0.0,0.0,0.0,0.0,0.0,0.0,0.0
654,though,0.10006952826402152,-0.030905457662887492,-0.06487555923446994,0.15901439667510797,-0.004588344713952194,-0.2117883087228513,-0.07437917059126305,-0.02604616347884483,-0.025509792597469022,0.9840117354647732
655,thought,0.0,0.0,0.0,0.0,0.0,0.0,0.0,0.0,0.0,0.0
656,threat,0.0,0.0,0.0,0.0,0.0,0.0,0.0,0.0,0.0,0.0
657,three,0.0,0.0,0.0,0.0,0.0,0.0,0.0,0.0,0.0,0.0
658,time,0.25125313527023885,0.2289259288857337,1.2983674210664005,1.468427563757739,-3.123748181715446,-0.04863805475046443,-0.46844180424787646,-1.8677396454630828,-2.0739756671117204,-0.029190065904779985
659,tnie,0.3909592743909521,-0.03452844512278857,1.0473501308564097,-0.5093047420326905,0.25813141858602157,-0.5448077117681378,-0.037467797173389356,0.017585425800264256,-0.6853099939718117,-0.844793570232894
660,tobacco,0.0,0.0,0.0,0.0,0.0,0.0,0.0,0.0,0.0,0.0
661,today,0.0,0.0,0.0,0.0,0.0,0.0,0.0,0.0,0.0,0.0
662,told,0.0,0.0,0.0,0.0,0.0,0.0,0.0,0.0,0.0,0.0
663,tool,0.0,0.0,0.0,0.0,0.0,0.0,0.0,0.0,0.0,0.0
664,top,0.0,0.0,0.0,0.0,0.0,0.0,0.0,0.0,0.0,0.0
665,tornado,0.0012438774913185483,-0.07604909249745836,-0.048989487486208495,-0.1415493779384802,0.10506422988849645,-0.1195746902169135,-0.14591684845157885,0.2971338919178201,0.24874570600081627,0.18026377795526446
666,toss,0.0,0.0,0.0,0.0,0.0,0.0,0.0,0.0,0.0,0.0
667,toxic,0.0,0.0,0.0,0.0,0.0,0.0,0.0,0.0,0.0,0.0
668,track,0.0,0.0,0.0,0.0,0.0,0.0,0.0,0.0,0.0,0.0
669,transgender,0.334009579915288,-0.07218117417307002,0.81060647998015,-0.45054641844048043,0.21652369443283564,-0.49272857199274955,-0.080077208692699,0.14470024074395801,-0.9239303374326462,-1.5344366830462721
670,trap,0.0,0.0,0.0,0.0,0.0,0.0,0.0,0.0,0.0,0.0
671,trash,0.0,0.0,0.0,0.0,0.0,0.0,0.0,0.0,0.0,0.0
672,tree,0.0,0.0,0.0,0.0,0.0,0.0,0.0,0.0,0.0,0.0
673,tri,0.38680843829714295,-0.06833601986595982,0.8383786029431488,-0.5232647515145689,0.26589910874700634,-0.4118808720155162,-0.025426225641159185,0.025092214702649218,-0.7878643385324273,-1.0418528902945934
674,trickl,0.0,0.0,0.0,0.0,0.0,0.0,0.0,0.0,0.0,0.0
675,tropic,0.0,0.0,0.0,0.0,0.0,0.0,0.0,0.0,0.0,0.0
676,true,0.0,0.0,0.0,0.0,0.0,0.0,0.0,0.0,0.0,0.0
677,tub,0.03149720293893244,0.013915934374187875,0.155796218791443,-0.07666523648798011,-0.19872938379506017,0.022321855551848825,-0.16860465192563764,-0.35820764646823233,0.14545526573191453,0.2768554399114243
678,tune,0.0012438774913185483,-0.07604909249745836,-0.048989487486208495,-0.1415493779384802,0.10506422988849645,-0.1195746902169135,-0.14591684845157885,0.2971338919178201,0.24874570600081627,0.18026377795526446
679,turn,0.07589882495986773,0.020941234177662343,0.15752447817061238,0.04975772490286105,0.38809517490770856,-0.25905959784551347,-0.12428538219698776,0.11227296628920251,-0.40803082488775516,-0.885076310244059
680,tweet,0.0,0.0,0.0,0.0,0.0,0.0,0.0,0.0,0.0,0.0
681,twitter,0.47762846078302623,-0.06318183168273334,1.289237800584745,-0.49984411950083985,0.27836595025114863,-0.7251919321508971,0.12910155144175722,0.10926578184879296,-0.9216481071486018,-1.1195775802024945
682,two,0.0,0.0,0.0,0.0,0.0,0.0,0.0,0.0,0.0,0.0
683,txmedcent,0.0,0.0,0.0,0.0,0.0,0.0,0.0,0.0,0.0,0.0
684,typhoon,0.0,0.0,0.0,0.0,0.0,0.0,0.0,0.0,0.0,0.0
685,uclh,0.0,0.0,0.0,0.0,0.0,0.0,0.0,0.0,0.0,0.0
686,underestim,0.0,0.0,0.0,0.0,0.0,0.0,0.0,0.0,0.0,0.0
687,understand,0.3339116865727634,-0.07216111062133454,0.8069782358798964,-0.45044358556622854,0.2201821907846459,-0.4877163496637601,-0.09557945242190014,0.15511140746649937,-0.9062362587655635,-1.5388722344082302
688,unfortun,0.0,0.0,0.0,0.0,0.0,0.0,0.0,0.0,0.0,0.0
689,unhappi,0.0,0.0,0.0,0.0,0.0,0.0,0.0,0.0,0.0,0.0
690,univers,-0.016370975209346595,0.050878499091320785,0.22966156073857896,0.00044082327733804567,0.019612992019175303,-0.07668625344846929,-0.17283068149024292,-0.45924325759628737,-0.16480068846042095,0.29600349523494784
691,unnecessari,0.09643270785613925,0.03198368586883302,0.25688668615919574,-0.2258297389761413,0.035636187919246894,-0.24358834487842537,0.0879535478848565,-0.15656841589842052,0.38761472393250235,0.4888984066431649
692,use,-0.021310161446935975,0.029754483657995424,0.3133792656272484,-0.317045108097997,0.3169527954568095,-0.17112996701699215,-0.28863636214375327,-0.03404546622030243,-0.091200647269849,-0.24380690932472251
693,util,0.0,0.0,0.0,0.0,0.0,0.0,0.0,0.0,0.0,0.0
694,vaccin,-0.1752127483196795,0.0306193600228689,-0.12172638929115061,-0.012083381133773129,-0.5519386678854823,-0.28144851310530083,-0.07782715003405449,-0.24298665184731463,0.3990030132735793,-0.16467153939848228
695,valu,0.0,0.0,0.0,0.0,0.0,0.0,0.0,0.0,0.0,0.0
696,vastli,0.0,0.0,0.0,0.0,0.0,0.0,0.0,0.0,0.0,0.0
697,verysmallmen,0.0,0.0,0.0,0.0,0.0,0.0,0.0,0.0,0.0,0.0
698,via,0.39694213267285333,0.3341777474410841,0.11180319895567241,-0.1605104435649018,0.281895229219688,-0.4242519423433836,0.3803998135225902,0.10497777058644618,0.4104776248237245,0.23368776369258415
699,viner,0.7288490205784854,-0.13723777389346117,1.9563976754296255,5.001432226904937,5.713540129717688,0.7023945464688037,0.6605013675189655,-5.265651899964841,2.686948361798363,-3.0671253863185015
700,violat,-0.016370975209346595,0.050878499091320785,0.22966156073857896,0.00044082327733804567,0.019612992019175303,-0.07668625344846929,-0.17283068149024292,-0.45924325759628737,-0.16480068846042095,0.29600349523494784
701,walk,0.0,0.0,0.0,0.0,0.0,0.0,0.0,0.0,0.0,0.0
702,wan,0.0,0.0,0.0,0.0,0.0,0.0,0.0,0.0,0.0,0.0
703,want,0.0,0.0,0.0,0.0,0.0,0.0,0.0,0.0,0.0,0.0
704,war,0.0,0.0,0.0,0.0,0.0,0.0,0.0,0.0,0.0,0.0
705,warm,2.5543134517087918,0.8705307816771591,5.3711096797046345,-3.8354648810735705,1.2055847590596063,-4.370036152303468,-0.13259160961080735,-2.066469857340164,5.903338538169195,6.9153172794182325
706,warmer,0.0,0.0,0.0,0.0,0.0,0.0,0.0,0.0,0.0,0.0
707,warn,0.38680843829714295,-0.06833601986595982,0.8383786029431488,-0.5232647515145689,0.26589910874700634,-0.4118808720155162,-0.025426225641159185,0.025092214702649218,-0.7878643385324273,-1.0418528902945934
708,warp,0.0,0.0,0.0,0.0,0.0,0.0,0.0,0.0,0.0,0.0
709,way,1.9668886503317657,-1.1332616172478485,1.5975176535214237,-1.6630646018587223,-1.2533282071462386,3.3251459252129743,3.008551337038871,1.6562456752556192,0.5272242546193526,-0.08730353780523165
710,wealthier,0.0,0.0,0.0,0.0,0.0,0.0,0.0,0.0,0.0,0.0
711,weather,0.6697886735507427,-0.01953922587192265,1.7247469756431602,-1.3549316403798997,0.5664795934515123,-0.8591948734534739,-0.25261882667140273,-0.8000477903639119,-2.0272929767201546,-0.6599690920178921
712,web,0.0,0.0,0.0,0.0,0.0,0.0,0.0,0.0,0.0,0.0
713,weird,0.0,0.0,0.0,0.0,0.0,0.0,0.0,0.0,0.0,0.0
714,well,0.6468326863196662,0.6615086303622324,0.43327674571649866,-0.25842638149015995,0.949899376368747,3.127536289225874,-3.7093325512906685,1.1612723109317526,1.0258949063089058,-0.3912197409032289
715,west,0.0,0.0,0.0,0.0,0.0,0.0,0.0,0.0,0.0,0.0
716,whether,0.0,0.0,0.0,0.0,0.0,0.0,0.0,0.0,0.0,0.0
717,wildlif,0.0,0.0,0.0,0.0,0.0,0.0,0.0,0.0,0.0,0.0
718,wildz,0.0,0.0,0.0,0.0,0.0,0.0,0.0,0.0,0.0,0.0
719,win,0.0,0.0,0.0,0.0,0.0,0.0,0.0,0.0,0.0,0.0
720,wind,0.0037106143717282746,-0.05209820153091697,0.02044352491679835,0.061000747969044436,0.12960163224239843,0.0927720514479255,-0.45765887206175127,0.1323775011819437,0.10870081436123769,0.17891906450875253
721,winter,0.0,0.0,0.0,0.0,0.0,0.0,0.0,0.0,0.0,0.0
722,without,0.0,0.0,0.0,0.0,0.0,0.0,0.0,0.0,0.0,0.0
723,woke,0.0,0.0,0.0,0.0,0.0,0.0,0.0,0.0,0.0,0.0
724,word,0.0,0.0,0.0,0.0,0.0,0.0,0.0,0.0,0.0,0.0
725,work,1.530771158428622,1.3863285190775638,0.9943412782801748,1.3396804811226974,-1.7461006077189452,-0.9089897593038626,-0.2708906744458056,0.27739625539582335,0.6131238424016516,0.6549683405671671
726,world,3.8502601442600235,-3.562045587632674,-1.228219403388782,1.891254362749092,0.2795097498124792,-0.8664166482626108,-0.5516663403915336,0.6803290371324117,0.905623545913909,-0.37215792583746954
727,wors,0.19056479999423945,0.02735670410175411,-0.003801230495775135,0.033262990999006196,0.22153315142523075,-0.23640484637367515,0.2962257079194187,0.10999236800329176,0.15226948440293278,0.5205847005741192
728,worsen,0.0,0.0,0.0,0.0,0.0,0.0,0.0,0.0,0.0,0.0
729,would,0.7117387335323375,0.033613264048766786,1.695985763259418,-1.4613236255284938,0.7603088239402446,-0.5945770235807828,-0.43304185888542895,-0.9749104192216063,-2.6020499047687835,-0.6315857484236251
730,write,0.0,0.0,0.0,0.0,0.0,0.0,0.0,0.0,0.0,0.0
731,wrong,0.0,0.0,0.0,0.0,0.0,0.0,0.0,0.0,0.0,0.0
732,yeah,0.22127982599704904,0.007971223434643163,0.9666747221842903,1.3021672041837191,-2.199794140746321,0.2394553119253342,-1.340341993445587,-1.2898443248763523,0.78599303352871,0.08016458021478082
733,year,3.276800764471931,-3.2012214376132904,-1.4530982463958468,0.4923554576552247,-0.1696021448752744,-0.6011842687636454,-0.6608247549505912,0.1708561674136046,-0.06138842475625995,0.1474306308950087
734,yesterday,0.0,0.0,0.0,0.0,0.0,0.0,0.0,0.0,0.0,0.0
735,yet,0.0,0.0,0.0,0.0,0.0,0.0,0.0,0.0,0.0,0.0
